"ID","Description","GeneRatio","BgRatio","pvalue","p.adjust","qvalue","geneID","Count","odds_ratio"
"WP2446","Retinoblastoma Gene in Cancer","47/1022","86/4839",6.08288534347113e-12,3.01102824501821e-09,2.81733636960768e-09,"25/54443/890/891/9133/898/9134/993/8318/8317/983/1017/1019/81620/1111/1786/1869/1870/2189/24137/4173/4175/4176/2956/4609/4998/5111/10733/5426/5427/5557/5591/5928/5947/5983/5984/5985/6119/6241/6502/10592/3925/7027/7153/7272/7298/7465",47,4.66971729125575
"WP466","DNA Replication","26/1022","41/4839",4.88122298123165e-09,1.20810268785483e-06,1.13038847986417e-06,"8318/990/8317/1017/81620/10926/55388/4171/4173/4174/4175/4176/4998/23594/5111/23649/5424/5426/5427/5557/5558/5982/5983/5984/5985/6119",26,6.61659973226238
"WP2361","Gastric Cancer Network 1","16/1022","22/4839",2.8778815405389e-07,4.20813701870437e-05,3.93743814615614e-05,"86/6790/1063/144455/1894/56992/9585/286826/4173/4605/57122/8607/64094/7153/22974/11065",16,10.1020543406229
"WP179","Cell Cycle","48/1022","115/4839",3.40051476258939e-07,4.20813701870437e-05,3.93743814615614e-05,"25/699/9184/890/891/9133/894/898/9134/991/993/995/8318/990/8317/983/1017/1019/1028/1111/11200/10926/1869/1870/9700/4616/2932/3066/10459/4171/4173/4174/4175/4176/4609/4998/23594/5111/9088/5347/5591/9232/5933/6502/7027/7043/7272/7465",48,2.75828250942413
"WP45","G1 to S cell cycle control","30/1022","61/4839",9.28021377109086e-07,9.18741163337995e-05,8.59640854585259e-05,"891/894/898/9134/993/8318/983/1017/1019/1028/90993/1869/1870/4171/4173/4174/4175/4176/4609/4998/23594/5111/23649/5426/5427/5557/5558/6119/7027/7465",30,3.69341831425598
"WP289","Myometrial Relaxation and Contraction Pathways","46/1022","120/4839",9.77018041145599e-06,0.000806039883945119,0.000754189365094849,"58/59/70/108/196883/111/115/408/467/489/800/817/1264/2353/2791/55970/54331/2788/2869/3488/3489/3569/3708/1902/23764/4846/5142/5144/11142/5331/5336/5577/5579/5590/10267/10266/10268/5996/8786/10287/5997/8490/8787/6262/6263/6546",46,2.38394439521489
"WP4016","DNA IR-damage and cellular response via ATR","31/1022","75/4839",5.22036834352934e-05,0.00369154618578146,0.00345407830248558,"672/675/83990/995/8318/983/1017/1111/11200/1196/63967/1869/9156/2175/2177/55215/2237/2305/4171/4436/79728/5111/5347/5591/5888/5883/55159/80010/55775/11073/7507",31,2.68239152371342
"WP383","Striated Muscle Contraction Pathway","13/1022","23/4839",0.000209501159191158,0.0129628842249529,0.0121290144794881,"58/59/70/1674/1756/10398/8736/7111/7139/7168/7169/7170/7431",13,4.90495540138751
"WP536","Calcium Regulation in the Cardiac Cell","38/1022","107/4839",0.000369441897512897,0.0203193043632093,0.0190122146088508,"108/196883/111/115/154/309/408/482/489/775/811/817/845/2701/57165/2775/2781/2791/55970/54331/2788/2869/3708/11142/5331/5350/5577/5579/5590/5996/8786/10287/5997/8490/8787/6262/6263/6546",38,2.09767880287499
"WP1991","SRF and miRs in Smooth Muscle Differentiation and Proliferation","7/1022","9/4839",0.000442625689689891,0.0219099716396496,0.0205005582593213,"817/894/9314/4208/4209/93649/6722",7,13.1551724137931
"WP531","DNA Mismatch Repair","11/1022","21/4839",0.00152210454302198,0.0629714363335005,0.0589206421833923,"9156/3978/4436/2956/5111/5424/5982/5983/5984/5985/6119",11,4.14213649851632
"WP2406","Cardiac Progenitor Differentiation","14/1022","30/4839",0.00152658027475153,0.0629714363335005,0.0589206421833923,"70/22943/2247/2932/3479/3624/3815/4208/4684/5156/4920/64321/6910/7139",14,3.29947916666667
"WP1530","miRNA Regulation of DNA Damage Response","24/1022","64/4839",0.00186690102319929,0.0710858466525883,0.0665130728913107,"25/637/672/891/9133/894/898/9134/993/995/983/1017/1019/1020/1111/11200/1869/2177/4616/4176/4609/5591/5888/5883",24,2.27074148296593
"WP35","G Protein Signaling Pathways","27/1022","76/4839",0.00250847820080499,0.0790149987243626,0.0739321625491112,"108/196883/111/115/9590/11214/9472/9465/9630/2774/2775/2781/2791/55970/2788/3708/4893/5136/5142/5144/27115/5331/5533/5577/5579/5590/6237",27,2.08667828940621
"WP707","DNA Damage Response","23/1022","62/4839",0.00271330802302758,0.0790149987243626,0.0739321625491112,"25/637/672/891/9133/894/898/9134/993/995/983/1017/1019/1020/1111/11200/1869/2177/4616/4609/5591/5888/5883",23,2.2302815636149
"WP1602","Nicotine Activity on Dopaminergic Neurons","7/1022","11/4839",0.00271364642083669,0.0790149987243626,0.0739321625491112,"108/1020/1138/54331/3777/84152/6571",7,6.57413793103448
"WP2023","Cell Differentiation - Index expanded","7/1022","11/4839",0.00271364642083669,0.0790149987243626,0.0739321625491112,"2146/10014/3398/9314/4208/4209/6722",7,6.57413793103448
"WP2848","Differentiation Pathway","12/1022","26/4839",0.0036947121263992,0.0968690978699419,0.0906377523929281,"22943/2247/3082/3479/3569/3570/3624/3815/4907/7043/7472/7482",12,3.22743988684583
"WP558","Complement and Coagulation Cascades","16/1022","39/4839",0.00371820779702807,0.0968690978699419,0.0906377523929281,"623/715/716/718/730/1675/3075/1191/2159/2161/2157/5648/5627/710/7035/7450",16,2.62356297000605
"WP2516","ATM Signaling Pathway","15/1022","37/4839",0.00561025279060555,0.138853756567487,0.129921643571918,"25/637/672/835/891/898/993/995/983/1017/1111/11200/2177/5888/5883",15,2.5695134061569
"WP4240","Regulation of sister chromatid separation at the metaphase-anaphase transition","8/1022","15/4839",0.00595545166757851,0.140378503592922,0.131348307455366,"699/701/9184/991/1062/9700/4085/9232",8,4.29416737109045
"WP4222","Phosphodiesterases in neuronal function","13/1022","31/4839",0.00694925428195734,0.149785380106981,0.140150063257994,"108/196883/111/115/2906/5136/5138/5140/5142/5144/8654/27115/84152",13,2.71924898138971
"WP236","Adipogenesis","33/1022","104/4839",0.00695972473224355,0.149785380106981,0.140150063257994,"1052/1675/55847/1869/1879/1959/2308/2487/4616/3479/3569/3572/28999/1316/3977/4154/4208/4209/4692/7025/2908/5465/10891/5740/5914/5933/6095/6319/6517/9021/6773/6777/25937",33,1.76046369216309
"WP2806","Human Complement System","22/1022","63/4839",0.00765136578770975,0.151658530005302,0.141902718133616,"715/716/718/730/811/966/22918/1675/3075/5199/1634/2159/2161/2162/3690/5648/5627/5806/6401/6403/710/6696",22,2.02614634146341
"WP3996","Ethanol effects on histone modifications","12/1022","28/4839",0.00765952171743951,0.151658530005302,0.141902718133616,"125/126/191/217/3066/9759/10014/10013/8850/4524/6573/7298",12,2.82252475247525
"WP247","Small Ligand GPCRs","6/1022","10/4839",0.00837134097206408,0.153474584487841,0.14360195039798,"1902/5733/5734/5737/1901/9294",6,5.62942913385827
"WP4545","Oxysterols derived from cholesterol","6/1022","10/4839",0.00837134097206408,0.153474584487841,0.14360195039798,"9023/1593/1717/2053/2099/1880",6,5.62942913385827
"WP4337","ncRNAs involved in STAT3 signaling in hepatocellular carcinoma","7/1022","13/4839",0.00947004961583731,0.167416948565695,0.156647437254452,"3590/3569/3570/3572/3717/6659/6935",7,4.38045977011494
"WP2363","Gastric Cancer Network 2","12/1022","29/4839",0.0106076900909422,0.181062296379876,0.169415014156609,"29028/27101/63922/79075/55215/84823/4609/5983/5984/7153/11065/29089",12,2.65579499126383
"WP1971","Integrated Cancer Pathway","16/1022","43/4839",0.0111649064981956,0.184220957220227,0.172370486287932,"596/641/672/993/983/1017/1019/1111/11200/1869/4312/4436/2956/4609/5347/5451",16,2.23253074147706
"WP474","Endochondral Ossification","19/1022","54/4839",0.0116567995879756,0.18613276761445,0.17415931472697,"9510/9507/11096/1028/5167/2247/2260/2487/2690/9759/3479/4208/4256/4322/5745/6696/6777/7067/7078",19,2.04694487964677
"WP706","Sudden Infant Death Syndrome (SIDS) Susceptibility Pathways","31/1022","100/4839",0.012513191903912,0.193563437263639,0.181111988082937,"34/627/1390/1958/2305/23171/7184/3569/3570/3757/4150/4204/4208/4602/2908/4915/5354/10891/133522/5577/6095/6262/6330/291/6640/6869/6929/11076/7259/6844/7434",31,1.69917664780123
"WP4149","White fat cell differentiation","12/1022","30/4839",0.0143601520308822,0.214413838417165,0.20062113536109,"1052/1879/1959/2308/28999/10365/9314/2908/5914/6095/6777/23090",12,2.50759075907591
"WP4589","Major receptors targeted by epinephrine and norepinephrine","6/1022","11/4839",0.0151605744335369,0.214413838417165,0.20062113536109,"108/196883/111/115/150/154",6,4.50236220472441
"WP554","ACE Inhibitor Pathway","6/1022","11/4839",0.0151605744335369,0.214413838417165,0.20062113536109,"185/623/624/1511/4846/4306",6,4.50236220472441
"WP2431","Spinal Cord Injury","28/1022","90/4839",0.0162686915442285,0.221975388746869,0.207696270172509,"358/627/7832/6347/983/1017/1019/1464/2920/1869/1958/2353/3569/4321/4609/4804/3164/9423/5320/56963/388/65078/6403/9353/6586/6869/7431/7538",28,1.70604270786006
"WP3959","DNA IR-Double Strand Breaks (DSBs) and cellular response via ATM","18/1022","52/4839",0.0165920997649174,0.221975388746869,0.207696270172509,"25/86/637/641/672/675/995/1020/1111/11200/1869/9156/2177/5111/5591/5888/5883/10413",18,1.99478556362784
"WP2029","Cell Differentiation - Index","4/1022","6/4839",0.0205766471129607,0.261165136433732,0.244365039937995,"10014/4208/4209/6722",4,7.4950884086444
"WP3944","Serotonin and anxiety-related events","4/1022","6/4839",0.0205766471129607,0.261165136433732,0.244365039937995,"2353/2906/84812/5579",4,7.4950884086444
"WP3893","Development and heterogeneity of the ILC family","8/1022","18/4839",0.0221682040659433,0.274331525316048,0.256684468131975,"374/3398/90865/3569/6095/9760/85480/7704",8,3.00355029585799
"WP516","Hypertrophy Model","7/1022","15/4839",0.023921397351209,0.281930754496392,0.26379485800832,"467/1978/1839/3727/8013/9948/6935",7,3.28362068965517
"WP545","Complement Activation","7/1022","15/4839",0.023921397351209,0.281930754496392,0.26379485800832,"715/716/718/730/1675/5199/5648",7,3.28362068965517
"WP2814","Mammary gland development pathway - Puberty (Stage 2 of 4)","6/1022","12/4839",0.0249881820525124,0.283655270848162,0.265408440559683,"374/2099/8061/4609/5241/7431",6,3.7509842519685
"WP428","Wnt Signaling","28/1022","93/4839",0.0252138018531699,0.283655270848162,0.265408440559683,"817/894/1457/23500/22943/8061/2535/8324/2932/4609/4772/4776/85407/51701/5331/5332/5532/5533/166336/5579/4919/4920/5176/6422/64321/81839/7472/7482",28,1.62600216684724
"WP4172","PI3K-Akt Signaling Pathway","66/1022","252/4839",0.0279094709530498,0.306261336676163,0.286560315018632,"10000/284/596/627/672/894/898/9134/1017/1019/1286/1288/1291/1292/90993/9586/1440/1944/1945/1975/1978/2256/2258/2247/2252/2260/2690/2791/55970/54331/2788/2932/3082/7184/3479/3563/3569/3570/3678/3679/8516/3680/3690/3717/3815/3908/3913/10319/1902/4602/4609/4804/4846/4893/4915/80310/5156/5516/5521/5525/5563/5649/6696/7010/7148/7450",66,1.34771899041706
"WP170","Nuclear Receptors","11/1022","29/4839",0.028460649468896,0.306261336676163,0.286560315018632,"2099/7025/2908/3164/4929/5241/5465/5914/4919/6095/7067",11,2.29635124738982
"WP3297","EV release from cardiac cells and their functional effects","3/1022","4/4839",0.0316543966692141,0.333381411728957,0.31193582383996,"6387/10365/4602",3,11.234543670265
"WP2858","Ectoderm Differentiation","32/1022","112/4839",0.0363507203093282,0.369978106127767,0.34617834491487,"79658/55843/23229/91653/10486/6347/5010/1756/2534/8322/2627/10013/3853/9079/4204/4609/4772/51701/51422/56963/114822/4920/6386/6622/8835/114815/10253/6781/6929/7226/8848/7704",32,1.50989898989899
"WP4752","Base Excision Repair","11/1022","30/4839",0.0366240953540618,0.369978106127767,0.34617834491487,"2237/3978/4595/10038/5111/11284/5424/5426/5427/23583/7374",11,2.17491800718413
"WP3591","Sleep regulation","6/1022","13/4839",0.0382894384268054,0.379065440425373,0.354681113848302,"191/1471/2353/3569/8863/5730",6,3.21428571428571
"WP1992","Genes targeted by miRNAs in adipocytes","5/1022","10/4839",0.0406085173589397,0.38656184793606,0.361695296314442,"2078/9464/9759/3479/6722",5,3.74827925270403
"WP2815","Mammary gland development pathway - Involution (Stage 4 of 4)","5/1022","10/4839",0.0406085173589397,0.38656184793606,0.361695296314442,"1116/1869/3572/4609/9021",5,3.74827925270403
"WP1984","Integrated Breast Cancer Pathway","39/1022","143/4839",0.0451540264348633,0.421721567646365,0.394593279669113,"25/6790/596/637/641/672/675/993/1017/1019/1111/11200/55526/1869/26284/2099/27145/8061/2308/4312/4436/2956/4609/79902/4953/5347/1263/5888/8438/5906/6237/23411/4092/6597/7035/7048/27005/7465/7517",39,1.41645473041709
"WP34","Ovarian Infertility Genes","7/1022","17/4839",0.0488930677721469,0.440037609949322,0.411731097028606,"894/1019/1958/2701/5241/6609/7784",7,2.62551724137931
"WP4300","Extracellular vesicles in the crosstalk of cardiac cells","7/1022","17/4839",0.0488930677721469,0.440037609949322,0.411731097028606,"332/975/3479/3569/10611/8470/6696",7,2.62551724137931
"WP2849","Hematopoietic Stem Cell Differentiation","14/1022","43/4839",0.0536575816417183,0.467920123508186,0.43781999860415,"863/947/1440/2313/2353/2354/3569/3663/3690/3757/4602/3071/399/7148",14,1.81417624521073
"WP1601","Fluoropyrimidine Activity","10/1022","28/4839",0.0538817111918517,0.467920123508186,0.43781999860415,"1066/8836/4524/5471/6241/23583/7083/7298/7371/7517",10,2.08552920509442
"WP3876","BMP2-WNT4-FOXO1 Pathway in Human Primary Endometrial Stromal Cell Differentiation","5/1022","11/4839",0.0618151364634419,0.524734603786845,0.490979746233305,"1634/22943/2308/6422/4093",5,3.12274664044576
"WP241","One Carbon Metabolism","9/1022","25/4839",0.062831257423353,0.524734603786845,0.490979746233305,"191/1786/1788/1789/2618/25902/4524/6472/7298",9,2.11062438302073
"WP2895","Differentiation of white and brown adipocyte   ","7/1022","18/4839",0.0658997992215493,0.524734603786845,0.490979746233305,"253738/27129/10891/133522/63976/4093/23090",7,2.38620689655172
"WP2118","Arrhythmogenic Right Ventricular Cardiomyopathy","17/1022","56/4839",0.0661533109186531,0.524734603786845,0.490979746233305,"775/781/783/785/1674/1756/3678/3679/8516/3680/3690/3908/6262/6442/6443/6444/6546",17,1.63862737594081
"WP206","Fatty Acid Omega Oxidation","3/1022","5/4839",0.0667844041183257,0.524734603786845,0.490979746233305,"125/126/217",3,5.61579980372915
"WP3299","let-7 inhibition of ES cell reprogramming","3/1022","5/4839",0.0667844041183257,0.524734603786845,0.490979746233305,"1958/9314/4609",3,5.61579980372915
"WP98","Prostaglandin Synthesis and Regulation","12/1022","37/4839",0.0728698633344591,0.559196388737501,0.523224691216376,"309/1909/1910/4286/10891/133522/5730/5733/5734/5737/5740/5742",12,1.80213861386139
"WP4698","Vitamin D-sensitive calcium signaling in depression","8/1022","22/4839",0.0734298288241164,0.559196388737501,0.523224691216376,"493/596/775/1593/2906/3708/23028/6546",8,2.14313891236968
"WP4336","ncRNAs involved in Wnt signaling in hepatocellular carcinoma","20/1022","69/4839",0.0752279353205046,0.564209514903784,0.527915335582488,"894/1457/22943/2146/8061/2535/8324/2932/9314/4609/85407/51701/4919/4920/5176/6422/64321/83595/7472/7482",20,1.53488940486374
"WP3998","Prader-Willi and Angelman Syndrome","10/1022","30/4839",0.0825797783657116,0.610104332701899,0.570857855159672,"627/894/990/1019/1869/9638/4487/4692/5108/5590",10,1.87598814229249
"WP4224","Purine metabolism and related disorders","7/1022","19/4839",0.0860390711246063,0.623135020434443,0.583050311517608,"316/1716/2618/3251/3704/10606/5471",7,2.1867816091954
"WP3624","Lung fibrosis","13/1022","42/4839",0.087955807542379,0.623135020434443,0.583050311517608,"6347/1440/2920/2006/2247/2252/3082/3479/3569/4204/5806/4092/6696",13,1.68292266156317
"WP4760","PKC-gamma calcium signaling pathway in ataxia","5/1022","12/4839",0.0881201038998203,0.623135020434443,0.583050311517608,"9630/3708/5331/5332/6263",5,2.67593763168984
"WP3932","Focal Adhesion-PI3K-Akt-mTOR-signaling pathway","60/1022","243/4839",0.0951492832930012,0.663364721549797,0.620692137122617,"10000/284/1301/1286/1288/1292/90993/9586/1440/1944/1945/1975/1978/2256/2258/2247/2252/2260/2308/2690/2791/55970/54331/2788/2932/3082/64344/7184/3479/3563/3570/3678/3679/8516/3680/3690/3717/3815/3908/3913/10319/1902/4804/4846/4893/80310/5156/5210/10891/5516/5521/5525/5563/5649/6515/6517/6696/7010/7148/7450",60,1.23853992706452
"WP3679","Cell-type Dependent Selectivity of CCK2R Signaling","4/1022","9/4839",0.100966138374052,0.685679647373976,0.641571599882083,"3708/6262/6263/7220",4,2.99567779960707
"WP497","Urea cycle and metabolism of amino groups","6/1022","16/4839",0.101120432845051,0.685679647373976,0.641571599882083,"5832/1152/2593/162417/4953/5831",6,2.24822834645669
"WP4258","LncRNA involvement in canonical Wnt signaling and colorectal cancer","21/1022","76/4839",0.106066145727212,0.70949651533743,0.663856388619817,"467/894/1457/22943/2146/8061/2535/8324/2932/4609/85407/51701/4919/4920/8607/5176/6422/64321/6929/7472/7482",21,1.43496503496503
"WP2338","miRNA Biogenesis","3/1022","6/4839",0.112992161123691,0.735935786266143,0.688594887734403,"5901/6895/57510",3,3.74288518155054
"WP4571","Urea cycle and related diseases","3/1022","6/4839",0.112992161123691,0.735935786266143,0.688594887734403,"162417/10165/10166",3,3.74288518155054
"WP1495","Glycine Metabolism","2/1022","3/4839",0.114915958441986,0.738745447127052,0.691223810177358,"4524/6472",2,7.48235294117647
"WP2355","Corticotropin-releasing hormone signaling pathway","20/1022","73/4839",0.120714965545451,0.766075742884595,0.716796016734124,"408/596/8912/2353/2354/8061/2775/2781/2932/3726/3727/4846/3164/4929/5336/5563/5579/10411/9095/6925",20,1.41754227394268
"WP4560","MFAP5 effect on permeability and motility of endothelial cells via cytoskeleton rearrangement","6/1022","17/4839",0.12960808652118,0.812101301620054,0.759860867012917,"3690/3708/4026/8076/4638/7414",6,2.04330708661417
"WP3658","Wnt/beta-catenin Signaling Pathway in Leukemia","7/1022","21/4839",0.135477853961833,0.83826922138884,0.784345470305348,"22943/2932/4609/5914/862/6929/7704",7,1.87339901477833
"WP2817","Mammary gland development pathway - Pregnancy and lactation (Stage 3 of 4)","8/1022","25/4839",0.138618514440201,0.84711314380123,0.792620485428051,"857/2099/3717/4609/2908/5241/7170/7528",8,1.76354565494837
"WP2855","Dopaminergic Neurogenesis","4/1022","10/4839",0.141204552384128,0.852393334513942,0.797561014749887,"1028/4487/4929/6571",4,2.49574328749181
"WP2877","Vitamin D Receptor Pathway","30/1022","118/4839",0.148165697304679,0.883638797178506,0.826796535371702,"5243/11096/154/623/768/898/4345/1017/78989/1474/2308/50486/29923/3400/3488/3663/3726/9365/9314/4609/5734/6304/7869/6422/6517/6546/6696/79689/7078/7168",30,1.28150201612903
"WP1545","miRNAs involved in DNA damage response","5/1022","14/4839",0.1547702251525,0.912038826791517,0.853369662494987,"25/898/993/1869/4609",5,2.08019228668196
"WP1541","Energy Metabolism","12/1022","42/4839",0.15854563148268,0.912159802926657,0.853482856539562,"2308/2932/4208/4209/5465/10891/133522/5532/5533/5563/51422/23411",12,1.49980198019802
"WP2038","Regulation of Microtubule Cytoskeleton","12/1022","42/4839",0.15854563148268,0.912159802926657,0.853482856539562,"25/9212/983/1073/1808/2048/2932/11004/3984/4131/3925/11076",12,1.49980198019802
"WP117","GPCRs, Other","7/1022","22/4839",0.1644335990261,0.912159802926657,0.853482856539562,"154/1951/1909/1880/59352/5737/1901",7,1.74804597701149
"WP2879","Farnesoid X Receptor  Pathway","3/1022","7/4839",0.167689983972375,0.912159802926657,0.853482856539562,"5244/2289/10891",3,2.80642787046124
"WP322","Osteoblast Signaling","3/1022","7/4839",0.167689983972375,0.912159802926657,0.853482856539562,"3690/5156/5745",3,2.80642787046124
"WP3407","FTO Obesity Variant Mechanism","3/1022","7/4839",0.167689983972375,0.912159802926657,0.853482856539562,"84159/10891/63976",3,2.80642787046124
"WP3947","Serotonin and anxiety","3/1022","7/4839",0.167689983972375,0.912159802926657,0.853482856539562,"2353/84812/5579",3,2.80642787046124
"WP3594","Circadian rhythm related genes","34/1022","138/4839",0.177587188667422,0.920698826812516,0.861472586491243,"191/1019/1390/1408/1471/1958/1960/2146/2932/3066/3398/3400/3569/3727/3778/7071/687/56339/4804/4841/5187/8864/8863/5465/10891/5563/5591/5730/6095/23411/8914/7153/7298/9099",34,1.22860868888197
"WP4321","Thermogenesis","23/1022","90/4839",0.180110321104423,0.920698826812516,0.861472586491243,"86/108/196883/111/115/353500/656/90993/9586/2260/23028/11343/4881/4893/10891/63976/5563/51422/5592/6196/6597/6598/6602",23,1.28860203487069
"WP4259","Disorders of Folate Metabolism and Transport","4/1022","11/4839",0.186569932910234,0.920698826812516,0.861472586491243,"2618/4524/6472/7298",4,2.13864720740949
"WP2840","Hair Follicle Development: Cytodifferentiation (Part 3 of 3)","15/1022","56/4839",0.187328788615833,0.920698826812516,0.861472586491243,"6868/4345/947/22943/1959/2353/2354/3479/3488/4487/4772/2908/6422/6929/6925",15,1.37186039189091
"WP2197","Endothelin Pathways","7/1022","23/4839",0.195858426981202,0.920698826812516,0.861472586491243,"790/1264/1909/1910/4638/4846/10267",7,1.63836206896552
"WP3599","Transcription factor regulation in adipogenesis","6/1022","19/4839",0.196272918961637,0.920698826812516,0.861472586491243,"1052/2308/3569/2908/10891/6517",6,1.72804360993337
"WP4288","MTHFR deficiency","6/1022","19/4839",0.196272918961637,0.920698826812516,0.861472586491243,"501/1786/1788/1789/2906/4524",6,1.72804360993337
"WP1995","Effects of Nitric Oxide","2/1022","4/4839",0.198177520214758,0.920698826812516,0.861472586491243,"316/4846",2,3.74019607843137
"WP2542","Sulindac Metabolic Pathway","2/1022","4/4839",0.198177520214758,0.920698826812516,0.861472586491243,"4482/253827",2,3.74019607843137
"WP334","GPCRs, Class B Secretin-like","2/1022","4/4839",0.198177520214758,0.920698826812516,0.861472586491243,"5745/7434",2,3.74019607843137
"WP4720","Eicosanoid metabolism via Cytochrome P450 Mono-Oxygenases (CYP) pathway","2/1022","4/4839",0.198177520214758,0.920698826812516,0.861472586491243,"2053/5465",2,3.74019607843137
"WP176","Folate Metabolism","12/1022","44/4839",0.20300016766834,0.920698826812516,0.861472586491243,"191/6347/80308/2350/2618/2878/3569/4524/12/6472/6573/6649",12,1.40532178217822
"WP410","Exercise-induced Circadian Regulation","12/1022","44/4839",0.20300016766834,0.920698826812516,0.861472586491243,"11335/7122/1408/50486/2674/687/5187/8864/5516/5813/11030/10381",12,1.40532178217822
"WP1438","Influenza A virus infection","1/1022","1/4839",0.211200661293655,0.920698826812516,0.861472586491243,"596",1,Inf
"WP1600","Nicotine Metabolism","1/1022","1/4839",0.211200661293655,0.920698826812516,0.861472586491243,"316",1,Inf
"WP1603","Nicotine Activity on Chromaffin Cells","1/1022","1/4839",0.211200661293655,0.920698826812516,0.861472586491243,"775",1,Inf
"WP4400","FABP4 in ovarian cancer","1/1022","1/4839",0.211200661293655,0.920698826812516,0.861472586491243,"2167",1,Inf
"WP2525","Trans-sulfuration and one carbon metabolism","8/1022","28/4839",0.224525950160984,0.920698826812516,0.861472586491243,"191/1786/1788/1789/25902/4524/6472/7298",8,1.49783037475345
"WP1455","Serotonin Transporter Activity","3/1022","8/4839",0.228117947120316,0.920698826812516,0.861472586491243,"3690/5516/7041",3,2.24455348380765
"WP3875","ATR Signaling","3/1022","8/4839",0.228117947120316,0.920698826812516,0.861472586491243,"1111/5883/11073",3,2.24455348380765
"WP4191","Caloric restriction and aging","3/1022","8/4839",0.228117947120316,0.920698826812516,0.861472586491243,"3479/10891/23411",3,2.24455348380765
"WP4583","Biomarkers for urea cycle disorders","3/1022","8/4839",0.228117947120316,0.920698826812516,0.861472586491243,"2159/2593/162417",3,2.24455348380765
"WP2572","Primary Focal Segmental Glomerulosclerosis FSGS","15/1022","58/4839",0.228867396275626,0.920698826812516,0.861472586491243,"375790/1028/1286/22943/2534/3611/3690/3913/4288/55742/5111/11346/7094/7414/7431",15,1.30736010715688
"WP4657","22q11.2 Deletion Syndrome","15/1022","58/4839",0.228867396275626,0.920698826812516,0.861472586491243,"59/70/8318/7122/2260/9464/5308/5902/65078/6576/6517/6722/27037/7450/7625",15,1.30736010715688
"WP1528","Physiological and Pathological Hypertrophy  of the Heart","7/1022","24/4839",0.229413888363834,0.920698826812516,0.861472586491243,"817/2353/3572/3977/4776/5532/5579",7,1.54158215010142
"WP3640","Imatinib and Chronic Myeloid Leukemia","6/1022","20/4839",0.233557704720861,0.920698826812516,0.861472586491243,"5243/25/3815/4609/5156/6502",6,1.60419010123735
"WP3872","Regulation of Apoptosis by Parathyroid Hormone-related Protein","6/1022","20/4839",0.233557704720861,0.920698826812516,0.861472586491243,"596/83596/599/637/2932/4609",6,1.60419010123735
"WP4538","Regulatory circuits of the STAT3 signaling pathway","17/1022","67/4839",0.235097418060392,0.920698826812516,0.861472586491243,"185/2690/3590/58985/3563/3570/3572/3717/3977/225689/5156/5579/5789/80854/9021/3925/7297",17,1.27440796019901
"WP4658","Small cell lung cancer","22/1022","89/4839",0.235584492112176,0.920698826812516,0.861472586491243,"10000/596/637/330/898/9134/1017/1019/1028/1163/1164/1286/1288/1869/1870/4616/3908/3913/10319/4609/7185/7186",22,1.23134328358209
"WP186","Homologous recombination","4/1022","12/4839",0.235794847415441,0.920698826812516,0.861472586491243,"675/5424/5888/25788",4,1.87082514734774
"WP272","Blood Clotting Cascade","4/1022","12/4839",0.235794847415441,0.920698826812516,0.861472586491243,"2159/2161/2157/7450",4,1.87082514734774
"WP4584","Biomarkers for pyrimidine metabolism disorders","4/1022","12/4839",0.235794847415441,0.920698826812516,0.861472586491243,"1152/80324/6241/7298",4,1.87082514734774
"WP2011","SREBF and miR33 in cholesterol and lipid homeostasis","5/1022","16/4839",0.236219699000383,0.920698826812516,0.861472586491243,"2194/5465/10891/6319/23411",5,1.70108161258604
"WP2878","PPAR Alpha Pathway","5/1022","16/4839",0.236219699000383,0.920698826812516,0.861472586491243,"34/983/1019/4609/5465",5,1.70108161258604
"WP4304","Oligodendrocyte Specification and differentiation(including remyelination), leading to Myelin Components for CNS","5/1022","16/4839",0.236219699000383,0.920698826812516,0.861472586491243,"2920/2247/3479/5354/6663",5,1.70108161258604
"WP734","Serotonin Receptor 4/6/7 and NR3C Signaling","5/1022","16/4839",0.236219699000383,0.920698826812516,0.861472586491243,"1958/2908/5906/9252/6722",5,1.70108161258604
"WP2064","Neural Crest Differentiation","16/1022","64/4839",0.264602321898724,0.999930074063124,0.935607086842689,"2247/2260/2932/3066/9759/10014/10013/4286/4359/4487/4602/4609/5376/388/6663/6925",16,1.24884029158383
"WP2374","Oncostatin M Signaling Pathway","16/1022","64/4839",0.264602321898724,0.999930074063124,0.935607086842689,"6347/1017/1958/2353/3572/3717/3726/3727/3977/4312/4322/5579/9021/6777/7078/7297",16,1.24884029158383
"WP3584","MECP2 and Associated Rett Syndrome","13/1022","51/4839",0.268668191587185,0.999930074063124,0.935607086842689,"627/1052/1465/1869/2146/2247/2289/2571/2593/114787/3479/4204/4208",13,1.28128423139116
"WP24","Peptide GPCRs","6/1022","21/4839",0.272789645024472,0.999930074063124,0.935607086842689,"185/623/624/1909/1910/6869",6,1.49685039370079
"WP382","MAPK Signaling Pathway","45/1022","195/4839",0.272925856991294,0.999930074063124,0.935607086842689,"10000/408/627/775/8912/781/783/785/1843/1850/2256/2258/2247/2252/2260/2316/2318/2353/55970/3306/3727/120892/9020/1326/23542/4208/4609/4772/51701/3164/4893/4915/8605/5532/5533/5881/5906/10235/9252/6237/6722/3925/7043/7048/7186",45,1.12599795291709
"WP727","Monoamine Transport","5/1022","17/4839",0.28064120420005,0.999930074063124,0.935607086842689,"995/114907/3690/5516/7041",5,1.55891510980007
"WP136","Phase I biotransformations, non P450","2/1022","5/4839",0.285772930945712,0.999930074063124,0.935607086842689,"1066/2098",2,2.49281045751634
"WP2276","Glial Cell Differentiation","2/1022","5/4839",0.285772930945712,0.999930074063124,0.935607086842689,"5354/11076",2,2.49281045751634
"WP2874","Liver X Receptor Pathway","2/1022","5/4839",0.285772930945712,0.999930074063124,0.935607086842689,"2194/6319",2,2.49281045751634
"WP58","Monoamine GPCRs","2/1022","5/4839",0.285772930945712,0.999930074063124,0.935607086842689,"150/154",2,2.49281045751634
"WP3958","GPR40 Pathway","4/1022","13/4839",0.287586215235435,0.999930074063124,0.935607086842689,"5310/5331/5336/5334",4,1.66251910063305
"WP4211","Transcriptional cascade regulating adipogenesis","4/1022","13/4839",0.287586215235435,0.999930074063124,0.935607086842689,"1052/1959/28999/10365",4,1.66251910063305
"WP4493","Cells and Molecules involved in local acute inflammatory response ","4/1022","13/4839",0.287586215235435,0.999930074063124,0.935607086842689,"718/730/3569/6403",4,1.66251910063305
"WP53","ID signaling pathway","4/1022","13/4839",0.287586215235435,0.999930074063124,0.935607086842689,"898/1017/3398/5933",4,1.66251910063305
"WP4753","Nucleotide Excision Repair","11/1022","43/4839",0.288668808814214,0.999930074063124,0.935607086842689,"3978/5111/5424/5426/5427/5982/5983/5984/5985/6119/7507",11,1.28693743818002
"WP1591","Heart Development","8/1022","30/4839",0.290225800257854,0.999930074063124,0.935607086842689,"2627/9464/4208/4772/4776/5308/6722/6910",8,1.36094674556213
"WP4539","Synaptic signaling pathways associated with autism spectrum disorder","10/1022","39/4839",0.299745088293227,0.999930074063124,0.935607086842689,"10000/627/775/1978/2906/2932/4893/4915/5563/51422",10,1.29071827722502
"WP4022","Pyrimidine metabolism","19/1022","79/4839",0.300328097507354,0.999930074063124,0.935607086842689,"790/1841/5167/953/4830/87178/23649/5424/5426/5427/5436/5437/5557/5558/6241/7083/7298/7371/54963",19,1.1861581920904
"WP3298","Melatonin metabolism and effects","7/1022","26/4839",0.301387118348426,0.999930074063124,0.935607086842689,"1408/2308/2932/5187/8864/8863/23411",7,1.37858439201452
"WP3965","Lipid Metabolism Pathway","7/1022","26/4839",0.301387118348426,0.999930074063124,0.935607086842689,"47/10000/2194/29923/5563/51422/5577",7,1.37858439201452
"WP4204","Tumor suppressor activity of SMARCB1","7/1022","26/4839",0.301387118348426,0.999930074063124,0.935607086842689,"86/1019/2146/5928/6597/6598/6602",7,1.37858439201452
"WP129","Matrix Metalloproteinases","6/1022","22/4839",0.313423162273861,0.999930074063124,0.935607086842689,"4312/4320/4321/4322/7078/7079",6,1.4029281496063
"WP4483","Relationship between inflammation, COX-2 and EGFR","6/1022","22/4839",0.313423162273861,0.999930074063124,0.935607086842689,"10000/2099/4312/4893/5733/5734",6,1.4029281496063
"WP2032","Human Thyroid Stimulating Hormone (TSH) signaling pathway","15/1022","62/4839",0.321510953260271,0.999930074063124,0.935607086842689,"108/898/1017/1019/1869/1958/2353/2775/54331/3717/4609/5144/5906/5909/8458",15,1.19482769549325
"WP2267","Synaptic Vesicle Pathway","8/1022","31/4839",0.324706678082801,0.999930074063124,0.935607086842689,"477/6571/6581/291/81539/2054/6812/6844",8,1.3014321241746
"WP4148","Splicing factor NOVA regulated synaptic proteins","8/1022","31/4839",0.324706678082801,0.999930074063124,0.935607086842689,"375790/57863/2037/3778/5332/5590/5909/2054",8,1.3014321241746
"WP2882","Nuclear Receptors Meta-Pathway","50/1022","222/4839",0.325747953159628,0.999930074063124,0.935607086842689,"5243/5244/34/11214/330/10486/6347/983/1019/1028/1066/80315/1958/2042/2099/2194/2258/2289/2308/4616/2878/2949/1839/3082/3726/3727/8850/23764/4609/89795/2908/5142/5166/5465/10891/5997/6319/6515/6517/201266/55630/8884/6533/6649/10252/5552/2040/7048/7049/1831",50,1.09011627906977
"WP167","Eicosanoid Synthesis","5/1022","18/4839",0.326479271134302,0.999930074063124,0.935607086842689,"4056/5320/5730/5740/5742",5,1.43862037667347
"WP4286","Genotoxicity pathway","12/1022","49/4839",0.332768133185829,0.999930074063124,0.935607086842689,"59/7832/1052/1062/8161/144455/79733/3398/3708/1263/5734/29950",12,1.21380786727321
"WP3414","Initiation of transcription and translation elongation at the HIV-1 LTR","7/1022","27/4839",0.338998676265558,0.999930074063124,0.935607086842689,"3066/9759/10014/4772/4776/5532/5533",7,1.30931034482759
"WP3935","Leptin Insulin Overlap","4/1022","14/4839",0.340712611268609,0.999930074063124,0.935607086842689,"3717/3953/8835/9021",4,1.4958742632613
"WP306","Focal Adhesion","39/1022","173/4839",0.349496348233832,0.999930074063124,0.935607086842689,"10000/596/330/857/894/1286/1288/1292/2316/2318/2534/2932/3082/3479/3611/3678/3679/8516/3680/3690/3908/3913/10319/10398/4638/55742/80310/5156/4660/5579/5881/5906/5649/6696/7094/7148/7414/7450/7791",39,1.09045565661013
"WP2881","Estrogen Receptor Pathway","3/1022","10/4839",0.356189265397442,0.999930074063124,0.935607086842689,"2099/5166/5465",3,1.60241132763213
"WP4535","Envelope proteins and their potential roles in EDMD physiopathology","10/1022","41/4839",0.361187936985075,0.999930074063124,0.935607086842689,"108/196883/111/115/1072/4893/6722/23345/7043/7112",10,1.20680861915084
"WP2113","Type III interferon signaling","2/1022","6/4839",0.372163315856723,0.999930074063124,0.935607086842689,"6773/7297",2,1.86911764705882
"WP3595","mir-124 predicted interactions with cell cycle and differentiation ","2/1022","6/4839",0.372163315856723,0.999930074063124,0.935607086842689,"5725/51804",2,1.86911764705882
"WP3943","Robo4 and VEGF Signaling Pathways Crosstalk","2/1022","6/4839",0.372163315856723,0.999930074063124,0.935607086842689,"54538/9353",2,1.86911764705882
"WP4186","Somatroph axis (GH) and its relationship to dietary restriction and aging","2/1022","6/4839",0.372163315856723,0.999930074063124,0.935607086842689,"2308/23411",2,1.86911764705882
"WP3657","Hematopoietic Stem Cell Gene Regulation by GABP alpha/beta Complex","5/1022","19/4839",0.372981539767396,0.999930074063124,0.935607086842689,"596/1786/1788/1789/6597",5,1.33551060542211
"WP4141","PI3K/AKT/mTOR - VitD3 Signalling","5/1022","19/4839",0.372981539767396,0.999930074063124,0.935607086842689,"2932/4609/5210/5563/6515",5,1.33551060542211
"WP3611","Photodynamic therapy-induced AP-1 survival signaling.","11/1022","46/4839",0.375976615531742,0.999930074063124,0.935607086842689,"596/637/890/898/2252/2353/1839/3569/3726/5156/7186",11,1.17569591634874
"WP28","Selenium Metabolism and Selenoproteins","7/1022","28/4839",0.377156251633749,0.999930074063124,0.935607086842689,"1390/2353/2878/5451/54938/8991/22928",7,1.24663382594417
"WP4481","Resistin as a regulator of inflammation","7/1022","28/4839",0.377156251633749,0.999930074063124,0.935607086842689,"10000/3569/3708/5331/5332/84812/5336",7,1.24663382594417
"WP2366","Butyrate-induced histone acetylation","1/1022","2/4839",0.377830037928192,0.999930074063124,0.935607086842689,"47",1,3.73751224289912
"WP2645","Heroin metabolism","1/1022","2/4839",0.377830037928192,0.999930074063124,0.935607086842689,"1066",1,3.73751224289912
"WP2826","Cocaine metabolism","1/1022","2/4839",0.377830037928192,0.999930074063124,0.935607086842689,"1066",1,3.73751224289912
"WP2943","Hypoxia-mediated EMT and Stemness","1/1022","2/4839",0.377830037928192,0.999930074063124,0.935607086842689,"6935",1,3.73751224289912
"WP4030","SCFA and skeletal muscle substrate metabolism","1/1022","2/4839",0.377830037928192,0.999930074063124,0.935607086842689,"6517",1,3.73751224289912
"WP4284","Ultraconserved region 339 modulation of tumor suppressor microRNAs in cancer","1/1022","2/4839",0.377830037928192,0.999930074063124,0.935607086842689,"9134",1,3.73751224289912
"WP2059","Alzheimers Disease","16/1022","69/4839",0.381749900747513,0.999930074063124,0.935607086842689,"6868/322/489/637/775/1020/2906/2932/3708/23385/5331/5332/5532/5533/6263/6622",16,1.12952473836228
"WP3931","ESC Pluripotency Pathways","19/1022","83/4839",0.387246953331721,0.999930074063124,0.935607086842689,"10097/10000/2256/2258/2247/2252/2260/2353/2535/8322/8324/2932/3572/3977/5156/4092/4093/7472/7482",19,1.11083935692921
"WP2291","Deregulation of Rab and Rab Effector Genes in Bladder Cancer","4/1022","15/4839",0.394062223247433,0.999930074063124,0.935607086842689,"25924/5873/94120/94122",4,1.35952848722986
"WP3287","Overview of nanoparticle effects","4/1022","15/4839",0.394062223247433,0.999930074063124,0.935607086842689,"10000/596/3569/5742",4,1.35952848722986
"WP4462","Platelet-mediated interactions with vascular and circulating cells","4/1022","15/4839",0.394062223247433,0.999930074063124,0.935607086842689,"6347/6401/6403/7043",4,1.35952848722986
"WP1539","Angiogenesis","6/1022","24/4839",0.396750834891395,0.999930074063124,0.935607086842689,"284/2247/4846/5156/7010/7078",6,1.24639107611549
"WP3613","Photodynamic therapy-induced unfolded protein response","6/1022","24/4839",0.396750834891395,0.999930074063124,0.935607086842689,"467/811/51726/7184/10130/23645",6,1.24639107611549
"WP4298","Viral Acute Myocarditis","16/1022","70/4839",0.406170608451993,0.999930074063124,0.935607086842689,"25/596/637/835/857/1676/1677/1756/2534/2932/3569/3908/5881/6442/6443/6444",16,1.10831308445623
"WP3850","Factors and pathways affecting insulin-like growth factor (IGF1)-Akt signaling","7/1022","29/4839",0.415474616467504,0.999930074063124,0.935607086842689,"114907/2932/3479/3488/3611/84557/10891",7,1.18965517241379
"WP2813","Mammary gland development pathway - Embryonic development (Stage 1 of 4)","3/1022","11/4839",0.419796515080144,0.999930074063124,0.935607086842689,"4609/6422/9839",3,1.40174190382728
"WP4792","Purine metabolism","3/1022","11/4839",0.419796515080144,0.999930074063124,0.935607086842689,"1716/3251/3704",3,1.40174190382728
"WP2261","Signaling Pathways in Glioblastoma","18/1022","80/4839",0.423967332282552,0.999930074063124,0.935607086842689,"10000/672/675/894/898/1017/1019/1869/54206/2260/2308/2956/4893/5156/5336/5579/5590/10253",18,1.08581801824958
"WP4540","Pathways Regulating Hippo Signaling","18/1022","80/4839",0.423967332282552,0.999930074063124,0.935607086842689,"64403/1003/2260/2774/3815/26524/4804/4915/5156/5331/5332/5563/51422/5577/5579/5590/7003/7010",18,1.08581801824958
"WP4249","Hedgehog Signaling Pathway","8/1022","34/4839",0.430894803926012,0.999930074063124,0.935607086842689,"408/596/91653/894/1455/8452/8643/8405",8,1.15035654680625
"WP3303","RAC1/PAK1/p38/MMP2 Pathway","14/1022","62/4839",0.438037685008647,0.999930074063124,0.935607086842689,"284/9068/332/1978/2308/4436/4609/4893/5888/6777/3925/7010/7075/10413",14,1.09056712962963
"WP4008","NO/cGMP/PKG mediated Neuroprotection","6/1022","25/4839",0.438443772084916,0.999930074063124,0.935607086842689,"596/817/2906/4846/4881/5138",6,1.18048072938251
"WP3940","One carbon metabolism and related pathways","9/1022","39/4839",0.444001129236894,0.999930074063124,0.935607086842689,"23743/1036/1788/2571/2878/4524/6472/6649/7298",9,1.12152023692004
"WP299","Nuclear Receptors in Lipid Metabolism and Toxicity","4/1022","16/4839",0.44667639799645,0.999930074063124,0.935607086842689,"5243/5244/5465/5914",4,1.24590700720367
"WP4595","Urea cycle and associated pathways","4/1022","16/4839",0.44667639799645,0.999930074063124,0.935607086842689,"162417/5831/10165/10166",4,1.24590700720367
"WP4541","Hippo-Merlin Signaling Dysregulation","21/1022","95/4839",0.446750759963151,0.999930074063124,0.935607086842689,"64403/1003/2260/2305/3678/3679/8516/3680/3690/3815/26524/4609/4804/4893/4915/5156/5332/94274/5577/7003/7010",21,1.06114156114156
"WP4754","IL-18 signaling pathway","48/1022","222/4839",0.453106236341607,0.999930074063124,0.935607086842689,"32/58/59/11096/321/467/596/637/274/330/7832/6347/890/9133/975/2920/1674/2023/2353/1112/2932/3068/26353/3569/3757/10365/84823/9208/4312/4322/4776/3164/51299/5579/5806/8480/22821/23623/9021/10418/6696/83931/3925/6869/7078/7185/10194/80328",48,1.03179211215747
"WP3617","Photodynamic therapy-induced NF-kB survival signaling","7/1022","30/4839",0.453593821400876,0.999930074063124,0.935607086842689,"599/330/332/2920/3569/4312/6401",7,1.1376311844078
"WP1531","Vitamin D Metabolism","2/1022","7/4839",0.453952648610461,0.999930074063124,0.935607086842689,"1593/1717",2,1.49490196078431
"WP3672","LncRNA-mediated mechanisms of therapeutic resistance","2/1022","7/4839",0.453952648610461,0.999930074063124,0.935607086842689,"5243/55384",2,1.49490196078431
"WP3963","Mevalonate pathway","2/1022","7/4839",0.453952648610461,0.999930074063124,0.935607086842689,"39/4598",2,1.49490196078431
"WP4519","Cerebral Organic Acidurias, including diseases","2/1022","7/4839",0.453952648610461,0.999930074063124,0.935607086842689,"137872/501",2,1.49490196078431
"WP399","Wnt Signaling Pathway and Pluripotency","19/1022","86/4839",0.454472351591721,0.999930074063124,0.935607086842689,"894/8061/2535/8322/8324/2932/120892/4609/85407/51701/5048/5516/5521/5579/5590/29127/7472/7482/10009",19,1.06025207958215
"WP3646","Hepatitis C and Hepatocellular Carcinoma","10/1022","44/4839",0.45540496204186,0.999930074063124,0.935607086842689,"330/332/672/1870/2487/3569/3570/4312/4609/6241",10,1.09945361543827
"WP4341","Non-genomic actions of 1,25 dihydroxyvitamin D3","13/1022","58/4839",0.455650588772585,0.999930074063124,0.935607086842689,"817/857/6347/3569/9636/4893/5331/5332/5336/5579/5590/6773/7297",13,1.07996916639137
"WP455","GPCRs, Class A Rhodopsin-like","13/1022","58/4839",0.455650588772585,0.999930074063124,0.935607086842689,"150/154/185/623/624/1909/1910/8477/27198/9934/5733/5734/5737",13,1.07996916639137
"WP2865","IL1 and megakaryocytes in obesity","5/1022","21/4839",0.465289434707419,0.999930074063124,0.935607086842689,"6347/2205/1839/114548/8991",5,1.16795722713864
"WP4719","Eicosanoid metabolism via Cyclo Oxygenases (COX)","5/1022","21/4839",0.465289434707419,0.999930074063124,0.935607086842689,"8309/5730/5737/5740/5742",5,1.16795722713864
"WP4225","Pyrimidine metabolism and related diseases","3/1022","12/4839",0.481130404301712,0.999930074063124,0.935607086842689,"790/6241/7298",3,1.2456656853124
"WP3942","PPAR signaling pathway","10/1022","45/4839",0.486552568845093,0.999930074063124,0.935607086842689,"34/8309/1593/2167/2172/3611/4312/5465/6319/10580",10,1.06775832862789
"WP3995","Prion disease pathway","7/1022","31/4839",0.491185904868649,0.999930074063124,0.935607086842689,"596/1879/2260/2534/7184/4208/4684",7,1.08994252873563
"WP3967","miR-509-3p alteration of YAP1/ECM axis","4/1022","17/4839",0.497764149933803,0.999930074063124,0.935607086842689,"1909/10082/7003/10413",4,1.14976575487381
"WP2853","Endoderm Differentiation","24/1022","112/4839",0.505795594256087,0.999930074063124,0.935607086842689,"57198/22943/1789/1847/2146/1112/2308/2627/3087/3251/9682/10459/22823/54892/51701/4830/2908/84295/6422/64321/83595/6925/9760/11169",24,1.0190380761523
"WP3302","eIF5A regulation in response to inhibition of the nuclear export system","1/1022","3/4839",0.509287077671294,0.999930074063124,0.935607086842689,"7514",1,1.86826640548482
"WP4342","Vitamins A and D - action mechanisms","1/1022","3/4839",0.509287077671294,0.999930074063124,0.935607086842689,"5914",1,1.86826640548482
"WP550","Biogenic Amine Synthesis","1/1022","3/4839",0.509287077671294,0.999930074063124,0.935607086842689,"2571",1,1.86826640548482
"WP733","Serotonin Receptor 2 and STAT3 Signaling","1/1022","3/4839",0.509287077671294,0.999930074063124,0.935607086842689,"3717",1,1.86826640548482
"WP364","IL-6 signaling pathway","9/1022","41/4839",0.509627652138112,0.999930074063124,0.935607086842689,"2932/3569/3570/3572/3717/3726/51701/9021/7297",9,1.05086994076999
"WP3878","ATM Signaling Network in Development and Disease ","9/1022","41/4839",0.509627652138112,0.999930074063124,0.935607086842689,"9212/699/983/1020/1111/11200/9759/3150/5591",9,1.05086994076999
"WP2911","miRNA targets in ECM and membrane receptors","5/1022","22/4839",0.509955985423171,0.999930074063124,0.935607086842689,"1291/1292/3913/6383/7148",5,1.09896465961016
"WP4320","The effect of progerin on the involved genes in Hutchinson-Gilford Progeria Syndrome","5/1022","22/4839",0.509955985423171,0.999930074063124,0.935607086842689,"11335/1869/3066/23028/5928",5,1.09896465961016
"WP4357","NRF2-ARE regulation","5/1022","22/4839",0.509955985423171,0.999930074063124,0.935607086842689,"8452/2048/2534/2932/192111",5,1.09896465961016
"WP465","Tryptophan metabolism","6/1022","27/4839",0.519721365903094,0.999930074063124,0.935607086842689,"38/217/316/23498/11185/4129",6,1.06749156355456
"WP2034","Leptin signaling pathway","16/1022","75/4839",0.527975666140062,0.999930074063124,0.935607086842689,"32/1073/1978/2099/2308/2534/2932/3717/3953/4846/5140/5336/5563/8835/9021/6777",16,1.01304040165785
"WP1423","Ganglio Sphingolipid Metabolism","2/1022","8/4839",0.52923088244051,0.999930074063124,0.935607086842689,"30815/6489",2,1.24542483660131
"WP2007","Iron metabolism in placenta","2/1022","8/4839",0.52923088244051,0.999930074063124,0.935607086842689,"55240/7037",2,1.24542483660131
"WP3585","Cytosine methylation","2/1022","8/4839",0.52923088244051,0.999930074063124,0.935607086842689,"1786/4204",2,1.24542483660131
"WP561","Heme Biosynthesis","2/1022","8/4839",0.52923088244051,0.999930074063124,0.935607086842689,"1371/3145",2,1.24542483660131
"WP3941","Oxidative Damage","8/1022","37/4839",0.535146493773912,0.999930074063124,0.935607086842689,"596/715/716/1028/5111/7133/7185/7186",8,1.03053798544515
"WP4312","Rett syndrome causing genes","8/1022","37/4839",0.535146493773912,0.999930074063124,0.935607086842689,"2775/10014/10765/4204/4208/6597/6812/6925",8,1.03053798544515
"WP4673","Genes involved in male infertility","18/1022","85/4839",0.538343473407803,0.999930074063124,0.935607086842689,"5243/3983/596/675/1191/2099/2775/222229/4524/340719/4846/143689/8787/6649/9319/7320/7516/7517",18,1.00344889100315
"WP1434","Osteopontin Signaling","3/1022","13/4839",0.539193661021595,0.999930074063124,0.935607086842689,"3690/9020/6696",3,1.12080471050049
"WP3301","MFAP5-mediated ovarian cancer cell motility and invasiveness","3/1022","13/4839",0.539193661021595,0.999930074063124,0.935607086842689,"3690/8076/6263",3,1.12080471050049
"WP3853","ERK Pathway in Huntington's Disease","3/1022","13/4839",0.539193661021595,0.999930074063124,0.935607086842689,"627/4915/9252",3,1.12080471050049
"WP4746","Thyroid hormones production and their peripheral downstream signalling effects regarding congenital hypothyroidism","14/1022","66/4839",0.541760028083866,0.999930074063124,0.935607086842689,"10000/2260/2308/2932/3690/23028/11343/4881/10891/63976/9728/6567/7067/8458",14,1.00560897435897
"WP1742","TP53 Network","4/1022","18/4839",0.546702686733661,0.999930074063124,0.935607086842689,"25/596/637/4609",4,1.0673589671625
"WP1544","MicroRNAs in cardiomyocyte hypertrophy","16/1022","76/4839",0.551661136773016,0.999930074063124,0.935607086842689,"817/2247/2535/2932/9759/10014/3479/3572/9020/4638/4776/5320/5532/5579/5592/1827",16,0.995891318754142
"WP3668","Hypothesized Pathways in Pathogenesis of Cardiovascular Disease","5/1022","23/4839",0.553022481857523,0.999930074063124,0.935607086842689,"185/2201/2316/7048/7049",5,1.03763793291817
"WP3929","Chemokine signaling pathway","26/1022","124/4839",0.5530567389186,0.999930074063124,0.935607086842689,"108/196883/111/115/10000/408/6366/6376/6387/9844/2791/55970/54331/2788/2869/2932/3717/4893/5331/5332/5579/5590/5906/10235/6773/6777",26,0.990636013441521
"WP4561","Cell migration and invasion through p75NTR","6/1022","28/4839",0.558602760703824,0.999930074063124,0.935607086842689,"10000/627/1944/1945/4804/4915",6,1.01870078740157
"WP4756","Renin Angiotensin Aldosterone System (RAAS)","6/1022","28/4839",0.558602760703824,0.999930074063124,0.935607086842689,"185/817/90993/9586/1511/3708",6,1.01870078740157
"WP363","Wnt Signaling Pathway (Netpath)","10/1022","48/4839",0.576782391898208,0.999930074063124,0.935607086842689,"2932/4609/51701/8395/5579/4919/4920/6929/6925/7010",10,0.982681506136884
"WP3888","VEGFA-VEGFR2 Signaling Pathway","84/1022","403/4839",0.577632731826315,0.999930074063124,0.935607086842689,"25/32/52/9510/56999/154/81575/22899/51309/596/274/332/781/811/857/6347/10574/1003/1072/84952/79094/22820/1397/1465/22943/11080/1847/1958/1960/2048/2078/2308/6624/2534/2932/1839/9759/10014/10525/3690/9365/9079/3984/4208/4343/4629/91624/4772/4846/3164/4929/8013/55872/57326/10130/5331/5496/5563/5579/5590/5592/5717/326624/5906/1827/10231/57381/9252/1901/6386/23753/6401/114789/6546/6722/6747/10963/6886/7111/8718/7148/7170/7220/7414",84,0.981986618630983
"WP2857","Mesodermal Commitment Pathway","24/1022","116/4839",0.583056439508221,0.999930074063124,0.935607086842689,"84159/57198/22943/1789/2260/8322/2627/3251/3624/3717/9314/4211/22823/54892/51701/84295/5308/64321/6722/6925/7003/9760/11169/10413",24,0.973686503441666
"WP3580","Methionine De Novo and Salvage Pathway","4/1022","19/4839",0.593028325924665,0.999930074063124,0.935607086842689,"191/4482/253827/4953",4,0.995939751146038
"WP197","Cholesterol Biosynthesis Pathway","3/1022","14/4839",0.593324856408773,0.999930074063124,0.935607086842689,"1717/4598/6713",3,1.01864573110893
"WP3969","H19 action Rb-E2F1 signaling and CDK-Beta-catenin activity","3/1022","14/4839",0.593324856408773,0.999930074063124,0.935607086842689,"1019/1869/6659",3,1.01864573110893
"WP4558","Overview of interferons-mediated signaling pathway","3/1022","14/4839",0.593324856408773,0.999930074063124,0.935607086842689,"3717/6773/7297",3,1.01864573110893
"WP530","Cytokines and Inflammatory Response","3/1022","14/4839",0.593324856408773,0.999930074063124,0.935607086842689,"1440/2920/3569",3,1.01864573110893
"WP26","Signal Transduction of S1P Receptor","5/1022","24/4839",0.594146599480189,0.999930074063124,0.935607086842689,"10000/5331/29127/1901/9294",5,0.982766651141127
"WP3972","PDGFR-beta pathway","6/1022","29/4839",0.595940537461125,0.999930074063124,0.935607086842689,"5610/2353/3717/5579/6722/6777",6,0.97415268743581
"WP2436","Dopamine metabolism","2/1022","9/4839",0.597098605568243,0.999930074063124,0.935607086842689,"4129/5516",2,1.0672268907563
"WP3930","EDA Signalling in Hair Follicle Development","2/1022","9/4839",0.597098605568243,0.999930074063124,0.935607086842689,"22943/128178",2,1.0672268907563
"WP4292","Methionine metabolism leading to Sulphur Amino Acids and related disorders","2/1022","9/4839",0.597098605568243,0.999930074063124,0.935607086842689,"191/1036",2,1.0672268907563
"WP4290","Metabolic reprogramming in colon cancer","8/1022","39/4839",0.600413887507652,0.999930074063124,0.935607086842689,"47/2023/2194/2618/10606/5471/5831/6472",8,0.963542660813132
"WP51","Regulation of Actin Cytoskeleton","24/1022","117/4839",0.601698390294853,0.999930074063124,0.935607086842689,"9459/623/624/1072/1073/26999/81624/2256/2258/2247/2252/2260/28964/55970/2934/3984/4638/4893/5156/5305/8395/5881/6237/7414",24,0.962958174413343
"WP1604","Codeine and Morphine Metabolism","1/1022","4/4839",0.61299026349014,0.999930074063124,0.935607086842689,"5243",1,1.24518445968005
"WP2289","Drug Induction of Bile Acid Pathway","1/1022","4/4839",0.61299026349014,0.999930074063124,0.935607086842689,"5243",1,1.24518445968005
"WP3924","Hfe effect on hepcidin production","1/1022","4/4839",0.61299026349014,0.999930074063124,0.935607086842689,"4092",1,1.24518445968005
"WP4228","Vitamin B6-dependent and responsive disorders","1/1022","4/4839",0.61299026349014,0.999930074063124,0.935607086842689,"501",1,1.24518445968005
"WP4399","MicroRNA network associated with chronic lymphocytic leukemia","1/1022","4/4839",0.61299026349014,0.999930074063124,0.935607086842689,"596",1,1.24518445968005
"WP4524","The alternative pathway of fetal androgen synthesis","1/1022","4/4839",0.61299026349014,0.999930074063124,0.935607086842689,"8630",1,1.24518445968005
"WP2036","TNF related weak inducer of apoptosis (TWEAK) Signaling Pathway","8/1022","40/4839",0.631256528279167,0.999930074063124,0.935607086842689,"330/6347/2932/3569/9020/8742/7185/7186",8,0.93318540433925
"WP2332","Interleukin-11 Signaling Pathway","8/1022","40/4839",0.631256528279167,0.999930074063124,0.935607086842689,"596/332/2534/3590/3572/3717/9021/7297",8,0.93318540433925
"WP2586","Aryl Hydrocarbon Receptor Netpath","8/1022","40/4839",0.631256528279167,0.999930074063124,0.935607086842689,"1017/1869/2099/1316/4609/135112/4893/84722",8,0.93318540433925
"WP1533","Vitamin B12 Metabolism","6/1022","30/4839",0.631527216476187,0.999930074063124,0.935607086842689,"6347/3569/4524/12/6472/6649",6,0.933316929133858
"WP3844","PI3K-AKT-mTOR signaling pathway and therapeutic opportunities","6/1022","30/4839",0.631527216476187,0.999930074063124,0.935607086842689,"1978/2308/2932/4846/4893/7942",6,0.933316929133858
"WP1424","Globo Sphingolipid Metabolism","4/1022","20/4839",0.636421369543438,0.999930074063124,0.935607086842689,"256435/27090/30815/6489",4,0.933447937131631
"WP262","EBV LMP1 signaling","4/1022","20/4839",0.636421369543438,0.999930074063124,0.935607086842689,"9020/4215/9260/7185",4,0.933447937131631
"WP357","Fatty Acid Biosynthesis","4/1022","20/4839",0.636421369543438,0.999930074063124,0.935607086842689,"32/47/2194/6319",4,0.933447937131631
"WP254","Apoptosis","16/1022","80/4839",0.64167988935281,0.999930074063124,0.935607086842689,"596/599/637/330/332/835/1676/1677/3070/3479/3663/4609/7133/8718/7185/7186",16,0.93265407554672
"WP732","Serotonin Receptor 2 and ELK-SRF/GATA4 signaling","3/1022","15/4839",0.643140514699108,0.999930074063124,0.935607086842689,"3708/4893/6722",3,0.93351324828263
"WP2333","Trans-sulfuration pathway","2/1022","10/4839",0.657325940610943,0.999930074063124,0.935607086842689,"191/1786",2,0.933578431372549
"WP3630","NAD metabolism, sirtuins and aging","2/1022","10/4839",0.657325940610943,0.999930074063124,0.935607086842689,"2308/23411",2,0.933578431372549
"WP3892","Development of pulmonary dendritic cells and macrophage subsets","2/1022","10/4839",0.657325940610943,0.999930074063124,0.935607086842689,"3398/6925",2,0.933578431372549
"WP3971","Role of Osx and miRNAs in tooth development","2/1022","10/4839",0.657325940610943,0.999930074063124,0.935607086842689,"22943/9314",2,0.933578431372549
"WP3651","Pathways Affected in Adenoid Cystic Carcinoma","11/1022","56/4839",0.659389444502175,0.999930074063124,0.935607086842689,"84159/672/1111/11200/93986/9863/4602/4609/4781/5591/29128",11,0.91201230904495
"WP560","TGF-beta Receptor Signaling","9/1022","46/4839",0.659799833104285,0.999930074063124,0.935607086842689,"2353/3624/4092/4093/6696/7048/7049/9839/23090",9,0.907659881006377
"WP4718","Cholesterol metabolism (includes both Bloch and Kandutsch-Russell pathways)","8/1022","41/4839",0.660742316434575,0.999930074063124,0.935607086842689,"9023/1593/1717/10682/2194/4598/6319/6713",8,0.904667981591059
"WP2371","Parkinsons Disease Pathway","6/1022","31/4839",0.665209131261997,0.999930074063124,0.935607086842689,"835/898/9134/120892/6622/23208",6,0.895748031496063
"WP3527","Preimplantation Embryo","6/1022","31/4839",0.665209131261997,0.999930074063124,0.935607086842689,"1958/2354/9314/4306/6597/7538",6,0.895748031496063
"WP619","Type II interferon signaling (IFNG)","6/1022","31/4839",0.665209131261997,0.999930074063124,0.935607086842689,"5610/2537/9636/3717/9021/6773",6,0.895748031496063
"WP4262","Breast cancer pathway","24/1022","121/4839",0.672534826004334,0.999930074063124,0.935607086842689,"10000/672/675/1019/1457/1869/1870/2099/2247/2252/2260/2353/2535/8324/4616/2932/3479/3815/4609/4893/5241/5888/7472/7482",24,0.922256884903828
"WP4482","Vitamin D in inflammatory diseases","4/1022","21/4839",0.676687707151914,0.999930074063124,0.935607086842689,"1843/3569/4772/2908",4,0.878308101236565
"WP138","Androgen receptor signaling pathway","16/1022","82/4839",0.683077882553455,0.999930074063124,0.935607086842689,"672/811/857/898/11034/2288/2316/2308/2932/8850/23028/5883/5901/388/23411/7041",16,0.903909874088801
"WP107","Translation Factors","9/1022","47/4839",0.68642269962721,0.999930074063124,0.935607086842689,"1915/1933/1936/27102/5610/1975/1978/1979/8637",9,0.883540291993557
"WP2916","Interactome of polycomb repressive complex 2 (PRC2) ","3/1022","16/4839",0.688478387784337,0.999930074063124,0.935607086842689,"2146/22823/5928",3,0.86147807050653
"WP3664","Regulation of Wnt/B-catenin Signaling by Small Molecule Compounds","3/1022","16/4839",0.688478387784337,0.999930074063124,0.935607086842689,"8324/2932/6925",3,0.86147807050653
"WP3927","BMP Signaling Pathway in Eyelid Development","3/1022","16/4839",0.688478387784337,0.999930074063124,0.935607086842689,"3625/5308/6422",3,0.86147807050653
"WP4331","Neovascularisation processes","7/1022","37/4839",0.692135111733692,0.999930074063124,0.935607086842689,"94/284/6387/2048/3815/4093/7043",7,0.870574712643678
"WP2805","exRNA mechanism of action and biogenesis","1/1022","5/4839",0.694794596626247,0.999930074063124,0.935607086842689,"57510",1,0.933643486777669
"WP311","Synthesis and Degradation of Ketone Bodies","1/1022","5/4839",0.694794596626247,0.999930074063124,0.935607086842689,"38",1,0.933643486777669
"WP3596","miR-517 relationship with ARCN1 and USP1","1/1022","5/4839",0.694794596626247,0.999930074063124,0.935607086842689,"3398",1,0.933643486777669
"WP4147","PTF1A related regulatory pathway","1/1022","5/4839",0.694794596626247,0.999930074063124,0.935607086842689,"8850",1,0.933643486777669
"WP4518","Gamma-Glutamyl Cycle for the biosynthesis and degradation of glutathione, including diseases","1/1022","5/4839",0.694794596626247,0.999930074063124,0.935607086842689,"79017",1,0.933643486777669
"WP678","Arachidonate Epoxygenase / Epoxide Hydrolase","1/1022","5/4839",0.694794596626247,0.999930074063124,0.935607086842689,"2053",1,0.933643486777669
"WP2870","Extracellular vesicle-mediated signaling in recipient cells","5/1022","27/4839",0.703691151331918,0.999930074063124,0.935607086842689,"3082/4893/7043/7048/7049",5,0.848082595870207
"WP4150","Wnt Signaling in Kidney Disease","5/1022","27/4839",0.703691151331918,0.999930074063124,0.935607086842689,"2535/8322/8324/7472/7482",5,0.848082595870207
"WP2380","Brain-Derived Neurotrophic Factor (BDNF) signaling pathway","24/1022","123/4839",0.705339946522517,0.999930074063124,0.935607086842689,"32/6868/627/1020/1072/1457/1808/1958/1959/1978/2353/2534/2932/3717/4208/4684/4776/4804/4915/5563/5906/9252/6696/6777",24,0.90313961255845
"WP4239","Epithelial to mesenchymal transition in colorectal cancer","25/1022","128/4839",0.706030484524258,0.999930074063124,0.935607086842689,"10000/5010/7122/1286/1288/2146/2305/2535/8322/8324/2932/3398/3678/26524/4209/5310/5928/7043/7048/117581/7472/7482/7483/6935/9839",25,0.904168817131005
"WP2290","RalA downstream regulated genes","2/1022","11/4839",0.710110257395565,0.999930074063124,0.935607086842689,"4893/5881",2,0.82962962962963
"WP4495","IL-10 Anti-inflammatory Signaling Pathway ","2/1022","11/4839",0.710110257395565,0.999930074063124,0.935607086842689,"3569/6773",2,0.82962962962963
"WP4553","FBXL10 enhancement of MAP/ERK signaling in diffuse large B-cell lymphoma","2/1022","11/4839",0.710110257395565,0.999930074063124,0.935607086842689,"2146/84759",2,0.82962962962963
"WP4629","Computational Model of Aerobic Glycolysis","2/1022","11/4839",0.710110257395565,0.999930074063124,0.935607086842689,"2023/7167",2,0.82962962962963
"WP2035","Follicle Stimulating Hormone (FSH) signaling pathway","4/1022","22/4839",0.713739200869411,0.999930074063124,0.935607086842689,"374/627/1978/2308",4,0.829294913774285
"WP716","Vitamin A and Carotenoid Metabolism","4/1022","22/4839",0.713739200869411,0.999930074063124,0.935607086842689,"83875/5914/5947/116362",4,0.829294913774285
"WP127","IL-5 Signaling Pathway","7/1022","38/4839",0.720091281028044,0.999930074063124,0.935607086842689,"596/695/2353/2932/3717/4609/6777",7,0.842269187986652
"WP2828","Bladder Cancer","7/1022","38/4839",0.720091281028044,0.999930074063124,0.935607086842689,"1019/1869/1839/4312/4609/4893/9252",7,0.842269187986652
"WP2875","Constitutive Androstane Receptor Pathway","3/1022","17/4839",0.729345724466594,0.999930074063124,0.935607086842689,"5243/2308/10891",3,0.79973363241273
"WP3645","NAD+ biosynthetic pathways","3/1022","17/4839",0.729345724466594,0.999930074063124,0.935607086842689,"683/10038/23411",3,0.79973363241273
"WP3670","Simplified Interaction Map Between LOXL4 and Oxidative Stress Pathway","3/1022","17/4839",0.729345724466594,0.999930074063124,0.935607086842689,"2252/5310/23411",3,0.79973363241273
"WP4747","Netrin-UNC5B signaling Pathway","8/1022","44/4839",0.740317238416276,0.999930074063124,0.935607086842689,"6347/1003/2534/9423/56963/54538/6401/10413",8,0.828621520929213
"WP12","Osteoclast Signaling","2/1022","12/4839",0.755906228014336,0.999930074063124,0.935607086842689,"3690/6696",2,0.746470588235294
"WP3849","MAPK  and NFkB Signalling Pathways Inhibited by Yersinia YopJ","2/1022","12/4839",0.755906228014336,0.999930074063124,0.935607086842689,"9020/6237",2,0.746470588235294
"WP4724","Omega-9 FA synthesis","2/1022","12/4839",0.755906228014336,0.999930074063124,0.935607086842689,"2194/6319",2,0.746470588235294
"WP15","Selenium Micronutrient Network","9/1022","50/4839",0.758229156843588,0.999930074063124,0.935607086842689,"6347/80308/2878/3569/4524/5742/22928/12/6649",9,0.818240916861291
"WP2249","Metastatic brain tumor","1/1022","6/4839",0.759320852780151,0.999930074063124,0.935607086842689,"4609",1,0.746718903036239
"WP2456","HIF1A and PPARG regulation of glycolysis","1/1022","6/4839",0.759320852780151,0.999930074063124,0.935607086842689,"7167",1,0.746718903036239
"WP2485","NAD Biosynthesis II (from tryptophan)","1/1022","6/4839",0.759320852780151,0.999930074063124,0.935607086842689,"23498",1,0.746718903036239
"WP3655","Hypothetical Craniofacial Development Pathway","1/1022","6/4839",0.759320852780151,0.999930074063124,0.935607086842689,"7043",1,0.746718903036239
"WP4216","Chromosomal and microsatellite instability in colorectal cancer ","13/1022","71/4839",0.763504992842297,0.999930074063124,0.935607086842689,"10000/596/332/2353/4616/2932/4436/2956/4609/9423/5881/7043/7048",13,0.83501930897782
"WP2203","Thymic Stromal LymphoPoietin (TSLP) Signaling Pathway","8/1022","45/4839",0.763755951174917,0.999930074063124,0.935607086842689,"695/1978/2534/3569/3717/4609/6777/85480",8,0.806013113705421
"WP408","Oxidative Stress","5/1022","29/4839",0.764251182556945,0.999930074063124,0.935607086842689,"2353/2878/3726/4784/6649",5,0.776999344477221
"WP2876","Pregnane X Receptor pathway","3/1022","18/4839",0.765874332013181,0.999930074063124,0.935607086842689,"5243/2308/10891",3,0.746221786064769
"WP404","Nucleotide Metabolism","3/1022","18/4839",0.765874332013181,0.999930074063124,0.935607086842689,"3251/5424/6241",3,0.746221786064769
"WP4301","Inhibition of exosome biogenesis and secretion by Manumycin A in CRPC cells","3/1022","18/4839",0.765874332013181,0.999930074063124,0.935607086842689,"4893/5873/6237",3,0.746221786064769
"WP4533","Transcription co-factors SKI and SKIL protein partners","3/1022","18/4839",0.765874332013181,0.999930074063124,0.935607086842689,"26524/4204/7003",3,0.746221786064769
"WP268","Notch Signaling","7/1022","40/4839",0.77066765868094,0.999930074063124,0.935607086842689,"6868/151636/3066/2648/8850/4242/23385",7,0.790804597701149
"WP314","Fas Ligand (FasL) pathway and Stress induction of Heat Shock Proteins (HSP) regulation","7/1022","40/4839",0.77066765868094,0.999930074063124,0.935607086842689,"58/596/1676/1677/4001/84823/5591",7,0.790804597701149
"WP185","Integrin-mediated Cell Adhesion","16/1022","87/4839",0.773755263751992,0.999930074063124,0.935607086842689,"10000/857/2534/3611/3678/3679/8516/3680/3690/5881/5906/10580/7094/7145/7414/7791",16,0.839134208831518
"WP1403","AMP-activated Protein Kinase (AMPK) Signaling","10/1022","56/4839",0.774278860742701,0.999930074063124,0.935607086842689,"32/890/891/1978/2194/3953/133522/5563/51422/6517",10,0.810061866300052
"WP3529","Zinc homeostasis","4/1022","24/4839",0.77825983963447,0.999930074063124,0.935607086842689,"4499/55676/201266/55630",4,0.745972495088409
"WP4767","FGFR3 signalling in chondrocyte proliferation and terminal differentiation","4/1022","24/4839",0.77825983963447,0.999930074063124,0.935607086842689,"4882/5745/5933/7067",4,0.745972495088409
"WP366","TGF-beta Signaling Pathway","24/1022","128/4839",0.778583806473659,0.999930074063124,0.935607086842689,"467/857/9133/983/2353/2354/3690/3726/3727/7071/1316/4208/4312/4321/4609/5933/4092/7027/7041/7048/7049/10413/6935/9839",24,0.858563280406968
"WP2795","Cardiac Hypertrophic Response","9/1022","51/4839",0.779407731793952,0.999930074063124,0.935607086842689,"817/2247/2932/9759/10014/3479/9020/5320/5592",9,0.798547454519814
"WP524","G13 Signaling Pathway","6/1022","35/4839",0.779438941079249,0.999930074063124,0.935607086842689,"1072/1073/11113/3984/5305/6242",6,0.771382025522672
"WP2328","Allograft Rejection","11/1022","62/4839",0.78878849901806,0.999930074063124,0.935607086842689,"5243/185/23743/718/730/6366/6387/120892/5156/5590/7431",11,0.803436706037509
"WP2369","Histone Modifications","5/1022","30/4839",0.790795975773096,0.999930074063124,0.935607086842689,"2146/26040/80854/9869/56950",5,0.745722713864307
"WP2447","Amyotrophic lateral sclerosis (ALS)","5/1022","30/4839",0.790795975773096,0.999930074063124,0.935607086842689,"596/637/1471/5532/5533",5,0.745722713864307
"WP49","IL-2 Signaling Pathway","7/1022","41/4839",0.793299346790486,0.999930074063124,0.935607086842689,"596/894/2353/2534/4609/9021/6777",7,0.767342799188641
"WP4504","Cysteine and methionine catabolism","2/1022","13/4839",0.795308512922107,0.999930074063124,0.935607086842689,"191/1036",2,0.67843137254902
"WP4705","Pathways of nucleic acid metabolism and innate immune sensing","2/1022","13/4839",0.795308512922107,0.999930074063124,0.935607086842689,"103/10535",2,0.67843137254902
"WP585","Interferon type I signaling pathways","9/1022","52/4839",0.799212112621598,0.999930074063124,0.935607086842689,"1975/1978/2534/27250/5906/9252/9021/6773/7297",9,0.779769967170963
"WP4565","Neural Crest Cell Migration in Cancer","6/1022","36/4839",0.802839816817109,0.999930074063124,0.935607086842689,"10000/627/2048/2353/4804/4915",6,0.745472440944882
"WP205","IL-7 Signaling Pathway","4/1022","25/4839",0.80591460788313,0.999930074063124,0.935607086842689,"2534/2932/4609/6777",4,0.710262887080176
"WP106","Alanine and aspartate metabolism","1/1022","7/4839",0.8102155534751,0.999930074063124,0.935607086842689,"2571",1,0.622102513875286
"WP229","Irinotecan Pathway","1/1022","7/4839",0.8102155534751,0.999930074063124,0.935607086842689,"1066",1,0.622102513875286
"WP4236","Disorders of the Krebs cycle","1/1022","7/4839",0.8102155534751,0.999930074063124,0.935607086842689,"55526",1,0.622102513875286
"WP4507","Molybdenum cofactor (Moco) biosynthesis","1/1022","7/4839",0.8102155534751,0.999930074063124,0.935607086842689,"316",1,0.622102513875286
"WP704","Methylation Pathways","1/1022","7/4839",0.8102155534751,0.999930074063124,0.935607086842689,"11185",1,0.622102513875286
"WP4542","Overview of leukocyte-intrinsic Hippo pathway functions","5/1022","31/4839",0.814947292025231,0.999930074063124,0.935607086842689,"2308/26524/5906/7003/10413",5,0.716851977913925
"WP4721","Eicosanoid metabolism via Lipo Oxygenases (LOX)","3/1022","20/4839",0.82684676790972,0.999930074063124,0.935607086842689,"8309/4056/5465",3,0.658084627374011
"WP4725","Sphingolipid Metabolism (general overview)","3/1022","20/4839",0.82684676790972,0.999930074063124,0.935607086842689,"29956/166929/6609",3,0.658084627374011
"WP304","Kit receptor signaling pathway","10/1022","59/4839",0.828430322217722,0.999930074063124,0.935607086842689,"596/695/2353/2534/3717/3726/3815/4286/5579/6777",10,0.759861256755667
"WP1584","Type II diabetes mellitus","2/1022","14/4839",0.828972455674329,0.999930074063124,0.935607086842689,"5590/6517",2,0.621732026143791
"WP1946","Cori Cycle","2/1022","14/4839",0.828972455674329,0.999930074063124,0.935607086842689,"6517/7167",2,0.621732026143791
"WP3644","NAD+ metabolism","2/1022","14/4839",0.828972455674329,0.999930074063124,0.935607086842689,"4907/23411",2,0.621732026143791
"WP2884","NRF2 pathway","17/1022","96/4839",0.829421211575612,0.999930074063124,0.935607086842689,"1066/1958/2042/2258/2878/2949/1839/3082/23764/6515/6517/201266/55630/8884/6533/6649/7048",17,0.800377857547705
"WP3981","miRNA regulation of prostate cancer signaling pathways","5/1022","32/4839",0.836811213554681,0.999930074063124,0.935607086842689,"10000/596/90993/2308/2932",5,0.690119814996904
"WP673","ErbB Signaling Pathway","14/1022","81/4839",0.839063333601451,0.999930074063124,0.935607086842689,"25/10000/374/817/1978/2308/2932/1839/4609/4893/9542/5336/5579/6777",14,0.777363184079602
"WP1589","Folate-Alcohol and Cancer Pathway Hypotheses","1/1022","8/4839",0.850356220765755,0.999930074063124,0.935607086842689,"4524",1,0.533090807331748
"WP288","NLR Proteins","1/1022","8/4839",0.850356220765755,0.999930074063124,0.935607086842689,"2048",1,0.533090807331748
"WP3634","Insulin signalling in human adipocytes (normal condition)","1/1022","8/4839",0.850356220765755,0.999930074063124,0.935607086842689,"6517",1,0.533090807331748
"WP3635","Insulin signalling in human adipocytes (diabetic condition)","1/1022","8/4839",0.850356220765755,0.999930074063124,0.935607086842689,"6517",1,0.533090807331748
"WP3871","Valproic acid pathway","1/1022","8/4839",0.850356220765755,0.999930074063124,0.935607086842689,"36",1,0.533090807331748
"WP3934","Leptin and adiponectin","1/1022","8/4839",0.850356220765755,0.999930074063124,0.935607086842689,"3953",1,0.533090807331748
"WP4480","Role of Altered Glycolysation of MUC1 in Tumour Microenvironment","1/1022","8/4839",0.850356220765755,0.999930074063124,0.935607086842689,"3569",1,0.533090807331748
"WP4742","Ketogenesis and Ketolysis","1/1022","8/4839",0.850356220765755,0.999930074063124,0.935607086842689,"38",1,0.533090807331748
"WP286","IL-3 Signaling Pathway","7/1022","44/4839",0.851044950413995,0.999930074063124,0.935607086842689,"596/969/2353/2534/3563/3717/6777",7,0.704566635601118
"WP2509","Nanoparticle triggered autophagic cell death","3/1022","21/4839",0.851873278036022,0.999930074063124,0.935607086842689,"596/10036/84557",3,0.621360811252862
"WP4726","Sphingolipid Metabolism (integrated pathway)","3/1022","21/4839",0.851873278036022,0.999930074063124,0.935607086842689,"29956/166929/6609",3,0.621360811252862
"WP712","Estrogen signaling pathway","3/1022","21/4839",0.851873278036022,0.999930074063124,0.935607086842689,"596/2099/2353",3,0.621360811252862
"WP2112","IL17 signaling pathway","4/1022","27/4839",0.852782578619521,0.999930074063124,0.935607086842689,"1052/2932/3717/9020",4,0.648159220978902
"WP437","EGF/EGFR Signaling Pathway","28/1022","155/4839",0.853072181335939,0.999930074063124,0.935607086842689,"25/6790/857/1072/1869/1978/54206/2353/2354/2308/3717/3727/4215/4208/4209/4605/4846/5111/5579/5590/5906/6196/9252/10253/10617/6777/3925/6812",28,0.81845403127426
"WP3614","Photodynamic therapy-induced HIF-1 survival signaling","5/1022","33/4839",0.856512069472329,0.999930074063124,0.935607086842689,"284/637/332/6515/7043",5,0.665297092288243
"WP400","p38 MAPK Signaling Pathway","5/1022","33/4839",0.856512069472329,0.999930074063124,0.935607086842689,"3150/4209/4609/9252/7186",5,0.665297092288243
"WP422","MAPK Cascade","5/1022","33/4839",0.856512069472329,0.999930074063124,0.935607086842689,"4215/4893/5331/22821/6237",5,0.665297092288243
"WP4564","Neural Crest Cell Migration during Development","5/1022","33/4839",0.856512069472329,0.999930074063124,0.935607086842689,"10000/627/2048/2353/4804",5,0.665297092288243
"WP4758","Nephrotic syndrome","5/1022","33/4839",0.856512069472329,0.999930074063124,0.935607086842689,"54443/83478/1286/3913/11346",5,0.665297092288243
"WP615","Senescence and Autophagy in Cancer","16/1022","93/4839",0.856950684897775,0.999930074063124,0.935607086842689,"596/1869/23710/2932/2934/3479/3488/3569/3570/3572/3624/3663/84557/81631/5111/55630",16,0.77250781028117
"WP4142","Metabolism of Spingolipids in ER and Golgi apparatus","2/1022","15/4839",0.857561985055132,0.999930074063124,0.935607086842689,"166929/256435",2,0.573755656108597
"WP430","Statin Pathway","2/1022","15/4839",0.857561985055132,0.999930074063124,0.935607086842689,"341/6713",2,0.573755656108597
"WP2864","Apoptosis-related network due to altered Notch3 in ovarian cancer","8/1022","50/4839",0.858253018221591,0.999930074063124,0.935607086842689,"25/332/3070/3727/4092/9021/7185/7431",8,0.709119939889171
"WP231","TNF alpha Signaling Pathway","15/1022","88/4839",0.860413949541904,0.999930074063124,0.935607086842689,"637/330/6347/1457/3569/9020/4215/1326/4893/5347/5590/6401/7133/7185/7186",15,0.763967297411272
"WP4566","Translation inhibitors in chronically activated PDGFRA cells","7/1022","45/4839",0.867124502905404,0.999930074063124,0.935607086842689,"10000/1457/1975/1978/27250/6196/9252",7,0.685843920145191
"WP2643","Nanoparticle-mediated activation of receptor signaling","4/1022","28/4839",0.872374324086727,0.999930074063124,0.935607086842689,"10000/374/4893/7094",4,0.620988867059594
"WP4223","Ras Signaling","25/1022","142/4839",0.875522194317694,0.999930074063124,0.935607086842689,"25/10000/2260/2791/55970/54331/2788/3815/4804/4893/4915/5156/5320/8605/5336/5579/5881/5906/22821/10156/8437/10235/23179/6237/7010",25,0.792977222265086
"WP1772","Apoptosis Modulation and Signaling","13/1022","79/4839",0.879929154875462,0.999930074063124,0.935607086842689,"9531/596/599/637/330/332/835/1676/1677/2353/9020/7133/8718",13,0.732243145028081
"WP3413","NOTCH1 regulation of human endothelial cell calcification","2/1022","16/4839",0.881716784665246,0.999930074063124,0.935607086842689,"1902/4256",2,0.532633053221289
"WP391","Mitochondrial Gene Expression","2/1022","16/4839",0.881716784665246,0.999930074063124,0.935607086842689,"10891/133522",2,0.532633053221289
"WP4269","Ethanol metabolism resulting in production of ROS by CYP2E1","1/1022","9/4839",0.882013422665444,0.999930074063124,0.935607086842689,"23764",1,0.466332027424094
"WP698","Glucuronidation","1/1022","9/4839",0.882013422665444,0.999930074063124,0.935607086842689,"5239",1,0.466332027424094
"WP411","mRNA Processing","21/1022","122/4839",0.883577816383176,0.999930074063124,0.935607086842689,"10659/1196/29894/51692/1478/9343/3191/56339/4841/5496/55660/5725/6626/6628/6632/6635/6636/6637/8405/10772/6430",21,0.771861801564772
"WP4685","Melanoma","10/1022","63/4839",0.88442190556457,0.999930074063124,0.935607086842689,"10000/1019/1869/1870/2353/4616/3815/4286/4893/7414",10,0.701767469609964
"WP4197","The human immune response to tuberculosis","3/1022","23/4839",0.892600365127733,0.999930074063124,0.935607086842689,"3717/6773/7297",3,0.558930323846909
"WP4537","Hippo-Yap signaling pathway","3/1022","23/4839",0.892600365127733,0.999930074063124,0.935607086842689,"26524/7003/23043",3,0.558930323846909
"WP3286","Copper homeostasis","7/1022","47/4839",0.89500690547911,0.999930074063124,0.935607086842689,"6868/2308/2932/22823/6649/55240/79689",7,0.651206896551724
"WP3678","Amplification and Expansion of Oncogenic Pathways as Metastatic Traits","2/1022","17/4839",0.902032926025066,0.999930074063124,0.935607086842689,"7428/7472",2,0.496993464052288
"WP4155","Endometrial cancer","9/1022","59/4839",0.902327265856976,0.999930074063124,0.935607086842689,"10000/2247/2260/2353/4616/2932/3611/4609/4893",9,0.669358341559724
"WP500","Glycogen Synthesis and Degradation","5/1022","36/4839",0.904032070792873,0.999930074063124,0.935607086842689,"2932/5516/5521/5525/5837",5,0.600437720049481
"WP3676","BDNF-TrkB Signaling","4/1022","30/4839",0.904886034571245,0.999930074063124,0.935607086842689,"627/1978/4893/4915",4,0.572918240894665
"WP4241","Type 2 papillary renal cell carcinoma","4/1022","30/4839",0.904886034571245,0.999930074063124,0.935607086842689,"81578/7942/7043/7428",4,0.572918240894665
"WP43","Oxidation by Cytochrome P450","4/1022","30/4839",0.904886034571245,0.999930074063124,0.935607086842689,"1727/57404/1593/51302",4,0.572918240894665
"WP4496","Signal transduction through IL1R","4/1022","30/4839",0.904886034571245,0.999930074063124,0.935607086842689,"3569/11213/9020/7043",4,0.572918240894665
"WP4666","Hepatitis B infection","22/1022","130/4839",0.905470089093815,0.999930074063124,0.935607086842689,"10000/596/637/332/90993/9586/1959/1960/2353/3569/3717/4609/4772/4776/4893/5111/5579/6773/6777/7043/7048/7297",22,0.755537037037037
"WP1425","Bone Morphogenic Protein (BMP) Signalling and Regulation","1/1022","10/4839",0.906978698449278,0.999930074063124,0.935607086842689,"10766",1,0.414408531940363
"WP3656","Interleukin-1 Induced Activation of NF-kappa-B","1/1022","10/4839",0.906978698449278,0.999930074063124,0.935607086842689,"5590",1,0.414408531940363
"WP438","Non-homologous end joining","1/1022","10/4839",0.906978698449278,0.999930074063124,0.935607086842689,"5591",1,0.414408531940363
"WP1422","Sphingolipid pathway","3/1022","24/4839",0.908934725912484,0.999930074063124,0.935607086842689,"29956/57515/166929",3,0.532174400672929
"WP2636","Common Pathways Underlying Drug Addiction","3/1022","24/4839",0.908934725912484,0.999930074063124,0.935607086842689,"72/5579/5906",3,0.532174400672929
"WP4559","Interactions between immune cells and microRNAs in tumor microenvironment","3/1022","24/4839",0.908934725912484,0.999930074063124,0.935607086842689,"6347/7043/7048",3,0.532174400672929
"WP3925","Amino Acid metabolism","10/1022","66/4839",0.915791648477362,0.999930074063124,0.935607086842689,"34/47/126/5832/501/8639/790/4953/5166/5831",10,0.663643421795596
"WP4659","Gastrin Signaling Pathway","17/1022","105/4839",0.918594120239461,0.999930074063124,0.935607086842689,"408/330/332/1958/1978/2353/2308/2534/2932/3717/3815/9314/4208/4209/4609/388/6925",17,0.716791044776119
"WP384","Apoptosis Modulation by HSP70","2/1022","18/4839",0.919052750276552,0.999930074063124,0.935607086842689,"637/835",2,0.465808823529412
"WP3879","4-hydroxytamoxifen, Dexamethasone, and Retinoic Acids Regulation of p27 Expression","2/1022","18/4839",0.919052750276552,0.999930074063124,0.935607086842689,"1978/55872",2,0.465808823529412
"WP3680","Association Between Physico-Chemical Features and Toxicity Associated Pathways","8/1022","55/4839",0.919649796928562,0.999930074063124,0.935607086842689,"58/10097/2535/8322/8324/2932/4609/4638",8,0.632842334969995
"WP4521","Glycosylation and related congenital defects","3/1022","25/4839",0.922982923825578,0.999930074063124,0.935607086842689,"10195/79053/7841",3,0.507850834151129
"WP4255","Non-small cell lung cancer","10/1022","67/4839",0.924503025461715,0.999930074063124,0.935607086842689,"10000/637/1019/1869/1870/4616/4893/5336/5579/6777",10,0.651827196449622
"WP4210","Tryptophan catabolism leading to NAD+ production","1/1022","11/4839",0.926665542554649,0.999930074063124,0.935607086842689,"23498",1,0.372869735553379
"WP4534","Mechanoregulation and pathology of YAP/TAZ via Hippo and non-Hippo mechanisms","6/1022","44/4839",0.926932208481225,0.999930074063124,0.935607086842689,"58/59/70/72/3690/7003",6,0.587287608785744
"WP2037","Prolactin Signaling Pathway","11/1022","73/4839",0.927200501963799,0.999930074063124,0.935607086842689,"1978/2316/2353/2534/2932/3717/4609/6196/8835/9021/6777",11,0.658961105261479
"WP3863","T-Cell antigen Receptor (TCR) pathway during Staphylococcus aureus infection","7/1022","50/4839",0.927464167576974,0.999930074063124,0.935607086842689,"1019/2353/2534/2932/9020/1326/6237",7,0.605292702485966
"WP4018","Pathways in clear cell renal cell carcinoma","12/1022","79/4839",0.929965465976983,0.999930074063124,0.935607086842689,"32/47/2023/2194/5156/6472/8082/7043/84969/7167/7428/6935",12,0.664991872321561
"WP2507","Nanomaterial induced apoptosis","2/1022","19/4839",0.933260961114407,0.999930074063124,0.935607086842689,"596/637",2,0.438292964244521
"WP4206","Hereditary leiomyomatosis and renal cell carcinoma pathway","2/1022","19/4839",0.933260961114407,0.999930074063124,0.935607086842689,"32/8452",2,0.438292964244521
"WP2324","AGE/RAGE pathway","9/1022","63/4839",0.938090580026804,0.999930074063124,0.935607086842689,"1650/2308/3625/3717/4322/4846/5579/5590/6777",9,0.619118130964133
"WP534","Glycolysis and Gluconeogenesis","4/1022","33/4839",0.93995275510931,0.999930074063124,0.935607086842689,"2023/6515/6517/7167",4,0.513244360138202
"WP23","B Cell Receptor Signaling Pathway","14/1022","92/4839",0.941630174229579,0.999930074063124,0.935607086842689,"695/933/974/975/2308/2534/2932/3608/4208/4209/4609/8395/5336/5579",14,0.665776353276353
"WP3933","Kennedy pathway from Sphingolipids","1/1022","12/4839",0.942189116603769,0.999930074063124,0.935607086842689,"9791",1,0.338883447600392
"WP47","Hedgehog Signaling Pathway Netpath","1/1022","12/4839",0.942189116603769,0.999930074063124,0.935607086842689,"8643",1,0.338883447600392
"WP1982","Sterol Regulatory Element-Binding Proteins (SREBP) signalling","9/1022","64/4839",0.945010014311913,0.999930074063124,0.935607086842689,"47/2194/133522/5563/51422/6319/23411/6713/7528",9,0.607699901283317
"WP143","Fatty Acid Beta Oxidation","3/1022","27/4839",0.945300222572607,0.999930074063124,0.935607086842689,"34/38/7167",3,0.465284592737978
"WP4549","Fragile X Syndrome ","14/1022","93/4839",0.947247505263619,0.999930074063124,0.935607086842689,"627/26999/1915/1979/2534/2571/3708/4131/4204/4915/5909/6895/51256/9675",14,0.657172995780591
"WP2359","Parkin-Ubiquitin Proteasomal System pathway","8/1022","59/4839",0.950773104125175,0.999930074063124,0.935607086842689,"898/3306/5717/10213/5709/6622/10381/84617",8,0.582588854082067
"WP395","IL-4 Signaling Pathway","7/1022","53/4839",0.95079351505702,0.999930074063124,0.935607086842689,"332/2316/2353/3717/9021/6777/7297",7,0.565367316341829
"WP4159","GABA receptor Signaling","1/1022","13/4839",0.954429166910574,0.999930074063124,0.935607086842689,"2571",1,0.310561540972902
"WP3612","Photodynamic therapy-induced NFE2L2 (NRF2) survival signaling","2/1022","21/4839",0.954896495340778,0.999930074063124,0.935607086842689,"1066/2353",2,0.391950464396285
"WP4585","Cancer immunotherapy by PD-1 blockade","2/1022","21/4839",0.954896495340778,0.999930074063124,0.935607086842689,"4772/4776",2,0.391950464396285
"WP195","IL-1 signaling pathway","7/1022","55/4839",0.962362888607297,0.999930074063124,0.935607086842689,"6347/3316/11213/9020/4215/57161/5590",7,0.541522988505747
"WP4313","Ferroptosis","4/1022","36/4839",0.962835157966289,0.999930074063124,0.935607086842689,"84557/81631/55240/7037",4,0.464759332023576
"WP3845","Canonical  and Non-canonical Notch signaling","2/1022","22/4839",0.963017752694939,0.999930074063124,0.935607086842689,"4237/6237",2,0.372254901960784
"WP453","Inflammatory Response Pathway","2/1022","22/4839",0.963017752694939,0.999930074063124,0.935607086842689,"3913/7133",2,0.372254901960784
"WP2637","Structural Pathway of Interleukin 1 (IL-1)","6/1022","49/4839",0.963456690090173,0.999930074063124,0.935607086842689,"2353/9020/4215/1326/4609/9252",6,0.518311664530306
"WP3","Phytochemical activity on NRF2 transcriptional activation","1/1022","14/4839",0.964079683159516,0.999930074063124,0.935607086842689,"2048",1,0.286596850749642
"WP4478","LTF danger signal response pathway","1/1022","14/4839",0.964079683159516,0.999930074063124,0.935607086842689,"3569",1,0.286596850749642
"WP3982","miRNA regulation of p53 pathway in prostate cancer","2/1022","23/4839",0.969724170558482,0.999930074063124,0.935607086842689,"637/11200",2,0.354435107376284
"WP4656","Joubert Syndrome","9/1022","69/4839",0.970349721382535,0.999930074063124,0.935607086842689,"57545/95681/2316/261734/5108/117177/79867/9094/23090",9,0.556317867719645
"WP61","Notch Signaling Pathway Netpath","7/1022","57/4839",0.971411720535189,0.999930074063124,0.935607086842689,"6868/2273/2932/3066/3717/4609/23385",7,0.519586206896552
"WP22","IL-9 Signaling Pathway","1/1022","15/4839",0.971688090166972,0.999930074063124,0.935607086842689,"6777",1,0.266055687701133
"WP2453","TCA Cycle and Deficiency of Pyruvate Dehydrogenase complex (PDHc)","1/1022","15/4839",0.971688090166972,0.999930074063124,0.935607086842689,"47",1,0.266055687701133
"WP481","Insulin Signaling","23/1022","150/4839",0.972563063883818,0.999930074063124,0.935607086842689,"1958/30846/1978/5167/2353/2308/2932/9020/4215/1326/5563/5579/5590/57381/6196/9252/6236/6517/9021/10580/6722/6812/6844",23,0.668936653188622
"WP3865","Novel intracellular components of RIG-I-like receptor (RLR) pathway","6/1022","51/4839",0.972661216837911,0.999930074063124,0.935607086842689,"6387/8653/9636/54941/80143/7186",6,0.49501312335958
"WP2873","Aryl Hydrocarbon Receptor Pathway","3/1022","31/4839",0.973077357447465,0.999930074063124,0.935607086842689,"10486/3726/3727",3,0.398394784803028
"WP183","Proteasome Degradation","7/1022","58/4839",0.975146089269106,0.999930074063124,0.935607086842689,"5690/5691/5717/5709/6184/6185/7320",7,0.509263015551048
"WP100","Glutathione metabolism","1/1022","16/4839",0.97768617720042,0.999930074063124,0.935607086842689,"2878",1,0.248253346392426
"WP368","Mitochondrial LC-Fatty Acid Beta-Oxidation","1/1022","16/4839",0.97768617720042,0.999930074063124,0.935607086842689,"34",1,0.248253346392426
"WP4494","Selective expression of chemokine receptors during T-cell polarization","1/1022","16/4839",0.97768617720042,0.999930074063124,0.935607086842689,"7043",1,0.248253346392426
"WP2533","Glycerophospholipid Biosynthetic Pathway","2/1022","25/4839",0.979795488915296,0.999930074063124,0.935607086842689,"5320/9791",2,0.323444160272805
"WP3851","TLR4 Signaling and Tolerance","2/1022","25/4839",0.979795488915296,0.999930074063124,0.935607086842689,"3569/11213",2,0.323444160272805
"WP581","EPO Receptor Signaling","2/1022","25/4839",0.979795488915296,0.999930074063124,0.935607086842689,"3717/6777",2,0.323444160272805
"WP244","Alpha 6 Beta 4 signaling pathway","3/1022","33/4839",0.981310074990616,0.999930074063124,0.935607086842689,"1978/3908/3913",3,0.371638861629048
"WP4263","Pancreatic adenocarcinoma pathway","11/1022","85/4839",0.981895728220499,0.999930074063124,0.935607086842689,"10000/9459/675/1019/1869/1870/4616/5881/5888/7043/7048",11,0.550338171999893
"WP3859","TGF-B Signaling in Thyroid Cells for Epithelial-Mesenchymal Transition","1/1022","17/4839",0.98241450539888,0.999930074063124,0.935607086842689,"7431",1,0.232676297747307
"WP3874","Canonical and Non-Canonical TGF-B signaling","1/1022","17/4839",0.98241450539888,0.999930074063124,0.935607086842689,"7048",1,0.232676297747307
"WP405","Eukaryotic Transcription Initiation","4/1022","41/4839",0.983902757348175,0.999930074063124,0.935607086842689,"2960/3611/5436/5437",4,0.401423034036001
"WP1471","Target Of Rapamycin (TOR) Signaling","3/1022","34/4839",0.984463797563015,0.999930074063124,0.935607086842689,"1978/5563/51422",3,0.35955554148596
"WP313","Signaling of Hepatocyte Growth Factor Receptor","3/1022","34/4839",0.984463797563015,0.999930074063124,0.935607086842689,"2353/3082/5906",3,0.35955554148596
"WP4655","Cytosolic DNA-sensing pathway","6/1022","55/4839",0.98499866511702,0.999930074063124,0.935607086842689,"103/90865/3569/9636/5437/54941",6,0.454121806202796
"WP4722","Glycerolipids and Glycerophospholipids","1/1022","18/4839",0.986141667464899,0.999930074063124,0.935607086842689,"9791",1,0.218931843060437
"WP2583","T-Cell Receptor and Co-stimulatory Signaling","2/1022","27/4839",0.986584860633084,0.999930074063124,0.935607086842689,"2534/2932",2,0.297411764705882
"WP4577","Neurodegeneration with brain iron accumulation (NBIA) subtypes pathway","4/1022","43/4839",0.988609839372155,0.999930074063124,0.935607086842689,"23400/80347/84557/4204",4,0.38063573623495
"WP3945","TYROBP Causal Network","6/1022","57/4839",0.988988247391084,0.999930074063124,0.935607086842689,"54518/718/3071/5996/6696/7133",6,0.436081519221862
"WP3937","Microglia Pathogen Phagocytosis Pathway","3/1022","36/4839",0.989310274384808,0.999930074063124,0.935607086842689,"3071/5336/5881",3,0.337585868498528
"WP702","Metapathway biotransformation Phase I and II","11/1022","90/4839",0.990437699484362,0.999930074063124,0.935607086842689,"57404/1593/51302/2053/2878/2949/11185/7881/79829/55226/26151",11,0.514818014498742
"WP2018","RANKL/RANK (Receptor activator of NFKB (ligand)) Signaling Pathway","5/1022","52/4839",0.991808941236611,0.999930074063124,0.935607086842689,"2353/4286/4772/7185/7186",5,0.394359714638382
"WP4674","Head and Neck Squamous Cell Carcinoma","7/1022","66/4839",0.992314718762537,0.999930074063124,0.935607086842689,"10000/1017/1019/1978/4893/5563/7048",7,0.43927527761543
"WP4136","Fibrin Complement Receptor 3 Signaling Pathway","2/1022","30/4839",0.992801390486254,0.999930074063124,0.935607086842689,"6347/3569",2,0.265336134453782
"WP3915","Angiopoietin Like Protein 8 Regulatory Pathway","15/1022","117/4839",0.993096492146131,0.999930074063124,0.935607086842689,"1978/2194/2308/2932/9020/4215/1326/5563/51422/6196/9252/6319/6567/6517/7067",15,0.542525848472458
"WP4217","Ebola Virus Pathway on Host","15/1022","118/4839",0.993885846002832,0.999930074063124,0.935607086842689,"6868/558/857/30835/10462/5610/2316/2318/2621/2934/3678/3690/388/9021/64601",15,0.537113988488349
"WP2272","Pathogenic Escherichia coli infection","4/1022","47/4839",0.994390806182559,0.999930074063124,0.935607086842689,"25/2534/10381/84617",4,0.344862246995934
"WP1433","Nucleotide-binding Oligomerization Domain (NOD) pathway","2/1022","32/4839",0.995269091959466,0.999930074063124,0.935607086842689,"22861/114548",2,0.247516339869281
"WP4329","miRNAs involvement in the immune response in sepsis","2/1022","32/4839",0.995269091959466,0.999930074063124,0.935607086842689,"3569/3663",2,0.247516339869281
"WP3869","Cannabinoid receptor signaling","1/1022","23/4839",0.995791481164406,0.999930074063124,0.935607086842689,"5577",1,0.168952007835455
"WP477","Cytoplasmic Ribosomal Proteins","9/1022","85/4839",0.996761791106334,0.999930074063124,0.935607086842689,"9801/6138/6122/6164/6133/6207/6228/6196/6203",9,0.437327895256404
"WP4532","Intraflagellar transport proteins binding to dynein","1/1022","25/4839",0.997388279639291,0.999930074063124,0.935607086842689,"89891",1,0.154791054521711
"WP710","DNA Damage Response (only ATM dependent)","11/1022","100/4839",0.997554537460786,0.999930074063124,0.935607086842689,"25/10000/596/894/8061/2932/4609/4893/5881/7472/7482",11,0.45575078629458
"WP4352","Ciliary landscape","27/1022","197/4839",0.997555018752146,0.999930074063124,0.935607086842689,"25904/51138/10238/9343/54512/3066/128239/25804/10982/55388/4171/4173/4174/4175/4176/84515/4436/4637/5048/10051/2040/79989/7431/89891/7465/10413/51646",27,0.582140112326338
"WP4205","MET in type 1 papillary renal cell carcinoma","4/1022","52/4839",0.99774780836319,0.999930074063124,0.935607086842689,"10000/3082/4893/5906",4,0.308529796987557
"WP69","T-Cell antigen Receptor (TCR)  Signaling Pathway","8/1022","82/4839",0.998163678878075,0.999930074063124,0.935607086842689,"2353/2534/3569/3708/9020/1326/4772/7431",8,0.399061783677168
"WP4396","Nonalcoholic fatty liver disease","16/1022","135/4839",0.998441141628455,0.999930074063124,0.935607086842689,"10000/637/6347/84701/1346/2932/3569/3570/3953/5465/5563/51422/4092/9021/7186/7381",16,0.4942446163356
"WP1449","Regulation of toll-like receptor signaling pathway","12/1022","111/4839",0.998712123660994,0.999930074063124,0.935607086842689,"10000/695/8727/2353/3569/11213/3663/1326/57161/5347/6696/10771",12,0.446204620462046
"WP2526","PDGF Pathway","2/1022","39/4839",0.998937671665641,0.999930074063124,0.935607086842689,"2353/6722",2,0.200317965023847
"WP75","Toll-like Receptor Signaling Pathway","6/1022","78/4839",0.999677951800867,0.999930074063124,0.935607086842689,"10000/2353/3569/3663/1326/6696",6,0.307168635170604
"WP4536","Genes related to primary cilium development (based on CRISPR)","8/1022","95/4839",0.999779505063155,0.999930074063124,0.935607086842689,"57545/11116/51715/163786/79867/79989/79770/89891",8,0.338252964247659
"WP111","Electron Transport Chain (OXPHOS system in mitochondria)","4/1022","70/4839",0.999930074063124,0.999930074063124,0.935607086842689,"1346/9481/291/7381",4,0.223313686967911
